{"tilemap": {"0;16": {"type": "grass", "variant": 0, "pos": [0, 16], "tileable": true}, "1;16": {"type": "grass", "variant": 1, "pos": [1, 16], "tileable": true}, "2;16": {"type": "grass", "variant": 1, "pos": [2, 16], "tileable": true}, "3;16": {"type": "grass", "variant": 1, "pos": [3, 16], "tileable": true}, "4;16": {"type": "grass", "variant": 1, "pos": [4, 16], "tileable": true}, "5;16": {"type": "grass", "variant": 1, "pos": [5, 16], "tileable": true}, "6;16": {"type": "grass", "variant": 1, "pos": [6, 16], "tileable": true}, "7;16": {"type": "grass", "variant": 1, "pos": [7, 16], "tileable": true}, "8;16": {"type": "grass", "variant": 1, "pos": [8, 16], "tileable": true}, "9;16": {"type": "grass", "variant": 1, "pos": [9, 16], "tileable": true}, "10;16": {"type": "grass", "variant": 1, "pos": [10, 16], "tileable": true}, "11;16": {"type": "grass", "variant": 1, "pos": [11, 16], "tileable": true}, "12;16": {"type": "grass", "variant": 1, "pos": [12, 16], "tileable": true}, "13;16": {"type": "grass", "variant": 1, "pos": [13, 16], "tileable": true}, "14;16": {"type": "grass", "variant": 1, "pos": [14, 16], "tileable": true}, "15;16": {"type": "grass", "variant": 1, "pos": [15, 16], "tileable": true}, "16;16": {"type": "grass", "variant": 1, "pos": [16, 16], "tileable": true}, "17;16": {"type": "grass", "variant": 1, "pos": [17, 16], "tileable": true}, "18;16": {"type": "grass", "variant": 1, "pos": [18, 16], "tileable": true}, "19;16": {"type": "grass", "variant": 1, "pos": [19, 16], "tileable": true}, "20;16": {"type": "grass", "variant": 1, "pos": [20, 16], "tileable": true}, "21;16": {"type": "grass", "variant": 8, "pos": [21, 16], "tileable": true}, "22;16": {"type": "grass", "variant": 8, "pos": [22, 16], "tileable": true}, "23;16": {"type": "grass", "variant": 8, "pos": [23, 16], "tileable": true}, "24;16": {"type": "grass", "variant": 8, "pos": [24, 16], "tileable": true}, "25;16": {"type": "grass", "variant": 8, "pos": [25, 16], "tileable": true}, "26;16": {"type": "grass", "variant": 8, "pos": [26, 16], "tileable": true}, "27;16": {"type": "grass", "variant": 8, "pos": [27, 16], "tileable": true}, "28;16": {"type": "grass", "variant": 8, "pos": [28, 16], "tileable": true}, "29;16": {"type": "grass", "variant": 8, "pos": [29, 16], "tileable": true}, "30;16": {"type": "grass", "variant": 8, "pos": [30, 16], "tileable": true}, "31;16": {"type": "grass", "variant": 8, "pos": [31, 16], "tileable": true}, "32;16": {"type": "grass", "variant": 8, "pos": [32, 16], "tileable": true}, "33;16": {"type": "grass", "variant": 8, "pos": [33, 16], "tileable": true}, "34;16": {"type": "grass", "variant": 8, "pos": [34, 16], "tileable": true}, "35;16": {"type": "grass", "variant": 8, "pos": [35, 16], "tileable": true}, "36;16": {"type": "grass", "variant": 8, "pos": [36, 16], "tileable": true}, "-1;16": {"type": "stone", "variant": 2, "pos": [-1, 16], "tileable": true}, "-2;16": {"type": "stone", "variant": 1, "pos": [-2, 16], "tileable": true}, "-3;16": {"type": "stone", "variant": 1, "pos": [-3, 16], "tileable": true}, "-4;16": {"type": "stone", "variant": 1, "pos": [-4, 16], "tileable": true}, "-5;16": {"type": "stone", "variant": 1, "pos": [-5, 16], "tileable": true}, "-6;16": {"type": "stone", "variant": 1, "pos": [-6, 16], "tileable": true}, "-7;16": {"type": "stone", "variant": 1, "pos": [-7, 16], "tileable": true}, "-8;16": {"type": "stone", "variant": 1, "pos": [-8, 16], "tileable": true}, "-9;16": {"type": "stone", "variant": 1, "pos": [-9, 16], "tileable": true}, "-10;16": {"type": "stone", "variant": 3, "pos": [-10, 16], "tileable": false}, "-10;15": {"type": "stone", "variant": 2, "pos": [-10, 15], "tileable": true}, "-11;15": {"type": "stone", "variant": 3, "pos": [-11, 15], "tileable": false}, "-11;14": {"type": "stone", "variant": 3, "pos": [-11, 14], "tileable": true}, "-11;13": {"type": "stone", "variant": 2, "pos": [-11, 13], "tileable": true}, "-12;13": {"type": "stone", "variant": 3, "pos": [-12, 13], "tileable": false}, "-12;12": {"type": "stone", "variant": 3, "pos": [-12, 12], "tileable": true}, "-12;11": {"type": "stone", "variant": 3, "pos": [-12, 11], "tileable": true}, "-12;10": {"type": "stone", "variant": 3, "pos": [-12, 10], "tileable": true}, "-12;9": {"type": "stone", "variant": 3, "pos": [-12, 9], "tileable": true}, "-12;8": {"type": "stone", "variant": 3, "pos": [-12, 8], "tileable": true}, "-12;7": {"type": "stone", "variant": 3, "pos": [-12, 7], "tileable": false}, "-11;6": {"type": "stone", "variant": 3, "pos": [-11, 6], "tileable": false}, "-10;5": {"type": "stone", "variant": 3, "pos": [-10, 5], "tileable": false}, "-9;5": {"type": "stone", "variant": 5, "pos": [-9, 5], "tileable": true}, "-8;5": {"type": "stone", "variant": 5, "pos": [-8, 5], "tileable": true}, "-7;5": {"type": "stone", "variant": 4, "pos": [-7, 5], "tileable": true}, "-7;4": {"type": "stone", "variant": 8, "pos": [-7, 4], "tileable": true}, "-6;4": {"type": "stone", "variant": 5, "pos": [-6, 4], "tileable": true}, "-5;4": {"type": "stone", "variant": 5, "pos": [-5, 4], "tileable": true}, "-4;4": {"type": "stone", "variant": 5, "pos": [-4, 4], "tileable": true}, "-3;4": {"type": "stone", "variant": 3, "pos": [-3, 4], "tileable": false}, "-3;5": {"type": "stone", "variant": 6, "pos": [-3, 5], "tileable": true}, "-2;5": {"type": "stone", "variant": 3, "pos": [-2, 5], "tileable": false}, "-2;6": {"type": "stone", "variant": 6, "pos": [-2, 6], "tileable": true}, "-1;6": {"type": "stone", "variant": 8, "pos": [-1, 6], "tileable": true}, "-1;7": {"type": "stone", "variant": 6, "pos": [-1, 7], "tileable": true}, "0;7": {"type": "stone", "variant": 3, "pos": [0, 7], "tileable": false}, "0;8": {"type": "stone", "variant": 7, "pos": [0, 8], "tileable": true}, "0;9": {"type": "stone", "variant": 7, "pos": [0, 9], "tileable": true}, "0;10": {"type": "stone", "variant": 7, "pos": [0, 10], "tileable": true}, "0;11": {"type": "stone", "variant": 6, "pos": [0, 11], "tileable": true}, "-11;7": {"type": "stone", "variant": 4, "pos": [-11, 7], "tileable": true}, "1;11": {"type": "stone", "variant": 5, "pos": [1, 11], "tileable": true}, "2;11": {"type": "stone", "variant": 4, "pos": [2, 11], "tileable": true}, "2;10": {"type": "stone", "variant": 3, "pos": [2, 10], "tileable": true}, "2;9": {"type": "stone", "variant": 3, "pos": [2, 9], "tileable": true}, "2;8": {"type": "stone", "variant": 3, "pos": [2, 8], "tileable": true}, "2;7": {"type": "stone", "variant": 3, "pos": [2, 7], "tileable": true}, "1;8": {"type": "stone", "variant": 8, "pos": [1, 8], "tileable": true}, "1;9": {"type": "stone", "variant": 8, "pos": [1, 9], "tileable": true}, "1;10": {"type": "stone", "variant": 8, "pos": [1, 10], "tileable": true}, "1;7": {"type": "stone", "variant": 8, "pos": [1, 7], "tileable": true}, "1;6": {"type": "stone", "variant": 8, "pos": [1, 6], "tileable": true}, "1;5": {"type": "stone", "variant": 1, "pos": [1, 5], "tileable": true}, "2;5": {"type": "stone", "variant": 2, "pos": [2, 5], "tileable": true}, "2;6": {"type": "stone", "variant": 3, "pos": [2, 6], "tileable": true}, "0;6": {"type": "stone", "variant": 8, "pos": [0, 6], "tileable": true}, "-1;5": {"type": "stone", "variant": 8, "pos": [-1, 5], "tileable": true}, "0;5": {"type": "stone", "variant": 1, "pos": [0, 5], "tileable": true}, "-1;4": {"type": "stone", "variant": 2, "pos": [-1, 4], "tileable": true}, "-2;4": {"type": "stone", "variant": 1, "pos": [-2, 4], "tileable": true}, "-3;3": {"type": "stone", "variant": 2, "pos": [-3, 3], "tileable": true}, "-4;3": {"type": "stone", "variant": 1, "pos": [-4, 3], "tileable": true}, "-5;3": {"type": "stone", "variant": 1, "pos": [-5, 3], "tileable": true}, "-6;3": {"type": "stone", "variant": 1, "pos": [-6, 3], "tileable": true}, "-7;3": {"type": "stone", "variant": 1, "pos": [-7, 3], "tileable": true}, "-8;3": {"type": "stone", "variant": 0, "pos": [-8, 3], "tileable": true}, "-8;4": {"type": "stone", "variant": 8, "pos": [-8, 4], "tileable": true}, "-9;4": {"type": "stone", "variant": 1, "pos": [-9, 4], "tileable": true}, "-10;4": {"type": "stone", "variant": 1, "pos": [-10, 4], "tileable": true}, "-11;4": {"type": "stone", "variant": 0, "pos": [-11, 4], "tileable": true}, "-11;5": {"type": "stone", "variant": 8, "pos": [-11, 5], "tileable": true}, "-12;5": {"type": "stone", "variant": 0, "pos": [-12, 5], "tileable": true}, "-12;6": {"type": "stone", "variant": 7, "pos": [-12, 6], "tileable": true}, "-13;7": {"type": "stone", "variant": 0, "pos": [-13, 7], "tileable": true}, "-13;8": {"type": "stone", "variant": 7, "pos": [-13, 8], "tileable": true}, "-13;9": {"type": "stone", "variant": 7, "pos": [-13, 9], "tileable": true}, "-13;10": {"type": "stone", "variant": 7, "pos": [-13, 10], "tileable": true}, "-13;11": {"type": "stone", "variant": 7, "pos": [-13, 11], "tileable": true}, "-13;12": {"type": "stone", "variant": 7, "pos": [-13, 12], "tileable": true}, "-13;13": {"type": "stone", "variant": 7, "pos": [-13, 13], "tileable": true}, "-13;14": {"type": "stone", "variant": 7, "pos": [-13, 14], "tileable": true}, "-13;15": {"type": "stone", "variant": 7, "pos": [-13, 15], "tileable": true}, "-13;16": {"type": "stone", "variant": 7, "pos": [-13, 16], "tileable": true}, "-12;15": {"type": "stone", "variant": 8, "pos": [-12, 15], "tileable": true}, "-12;14": {"type": "stone", "variant": 8, "pos": [-12, 14], "tileable": true}, "-12;16": {"type": "stone", "variant": 8, "pos": [-12, 16], "tileable": true}, "-11;16": {"type": "stone", "variant": 8, "pos": [-11, 16], "tileable": true}, "-9;17": {"type": "stone", "variant": 8, "pos": [-9, 17], "tileable": true}, "-8;17": {"type": "stone", "variant": 8, "pos": [-8, 17], "tileable": true}, "-7;17": {"type": "stone", "variant": 8, "pos": [-7, 17], "tileable": true}, "-6;17": {"type": "stone", "variant": 8, "pos": [-6, 17], "tileable": true}, "-5;17": {"type": "stone", "variant": 8, "pos": [-5, 17], "tileable": true}, "-4;17": {"type": "stone", "variant": 8, "pos": [-4, 17], "tileable": true}, "-3;17": {"type": "stone", "variant": 8, "pos": [-3, 17], "tileable": true}, "-2;17": {"type": "stone", "variant": 5, "pos": [-2, 17], "tileable": false}, "-1;17": {"type": "grass", "variant": 5, "pos": [-1, 17], "tileable": false}, "-10;17": {"type": "stone", "variant": 8, "pos": [-10, 17], "tileable": true}, "-12;17": {"type": "stone", "variant": 8, "pos": [-12, 17], "tileable": true}, "-13;17": {"type": "stone", "variant": 7, "pos": [-13, 17], "tileable": true}, "37;16": {"type": "grass", "variant": 8, "pos": [37, 16], "tileable": true}, "0;17": {"type": "grass", "variant": 8, "pos": [0, 17], "tileable": true}, "-1;18": {"type": "grass", "variant": 8, "pos": [-1, 18], "tileable": true}, "-2;18": {"type": "grass", "variant": 5, "pos": [-2, 18], "tileable": false}, "0;18": {"type": "grass", "variant": 8, "pos": [0, 18], "tileable": true}, "1;17": {"type": "grass", "variant": 8, "pos": [1, 17], "tileable": true}, "2;17": {"type": "grass", "variant": 8, "pos": [2, 17], "tileable": true}, "3;17": {"type": "grass", "variant": 8, "pos": [3, 17], "tileable": true}, "4;17": {"type": "grass", "variant": 8, "pos": [4, 17], "tileable": true}, "5;17": {"type": "grass", "variant": 8, "pos": [5, 17], "tileable": true}, "6;17": {"type": "grass", "variant": 8, "pos": [6, 17], "tileable": true}, "7;17": {"type": "grass", "variant": 8, "pos": [7, 17], "tileable": true}, "8;17": {"type": "grass", "variant": 8, "pos": [8, 17], "tileable": true}, "9;17": {"type": "grass", "variant": 8, "pos": [9, 17], "tileable": true}, "10;17": {"type": "grass", "variant": 8, "pos": [10, 17], "tileable": true}, "11;17": {"type": "grass", "variant": 8, "pos": [11, 17], "tileable": true}, "12;17": {"type": "grass", "variant": 8, "pos": [12, 17], "tileable": true}, "13;17": {"type": "grass", "variant": 8, "pos": [13, 17], "tileable": true}, "14;17": {"type": "grass", "variant": 8, "pos": [14, 17], "tileable": true}, "15;17": {"type": "grass", "variant": 8, "pos": [15, 17], "tileable": true}, "16;17": {"type": "grass", "variant": 8, "pos": [16, 17], "tileable": true}, "17;17": {"type": "grass", "variant": 8, "pos": [17, 17], "tileable": true}, "18;17": {"type": "grass", "variant": 8, "pos": [18, 17], "tileable": true}, "19;17": {"type": "grass", "variant": 8, "pos": [19, 17], "tileable": true}, "20;17": {"type": "grass", "variant": 8, "pos": [20, 17], "tileable": true}, "21;17": {"type": "grass", "variant": 8, "pos": [21, 17], "tileable": true}, "22;17": {"type": "grass", "variant": 8, "pos": [22, 17], "tileable": true}, "23;17": {"type": "grass", "variant": 8, "pos": [23, 17], "tileable": true}, "24;17": {"type": "grass", "variant": 8, "pos": [24, 17], "tileable": true}, "25;17": {"type": "grass", "variant": 8, "pos": [25, 17], "tileable": true}, "26;17": {"type": "grass", "variant": 8, "pos": [26, 17], "tileable": true}, "27;17": {"type": "grass", "variant": 8, "pos": [27, 17], "tileable": true}, "28;17": {"type": "grass", "variant": 8, "pos": [28, 17], "tileable": true}, "29;17": {"type": "grass", "variant": 8, "pos": [29, 17], "tileable": true}, "30;17": {"type": "grass", "variant": 8, "pos": [30, 17], "tileable": true}, "31;17": {"type": "grass", "variant": 8, "pos": [31, 17], "tileable": true}, "32;17": {"type": "grass", "variant": 8, "pos": [32, 17], "tileable": true}, "33;17": {"type": "grass", "variant": 8, "pos": [33, 17], "tileable": true}, "34;17": {"type": "grass", "variant": 8, "pos": [34, 17], "tileable": true}, "35;17": {"type": "grass", "variant": 8, "pos": [35, 17], "tileable": true}, "36;17": {"type": "grass", "variant": 8, "pos": [36, 17], "tileable": true}, "37;17": {"type": "grass", "variant": 8, "pos": [37, 17], "tileable": true}, "1;18": {"type": "grass", "variant": 8, "pos": [1, 18], "tileable": true}, "2;18": {"type": "grass", "variant": 8, "pos": [2, 18], "tileable": true}, "3;18": {"type": "grass", "variant": 8, "pos": [3, 18], "tileable": true}, "4;18": {"type": "grass", "variant": 8, "pos": [4, 18], "tileable": true}, "5;18": {"type": "grass", "variant": 8, "pos": [5, 18], "tileable": true}, "6;18": {"type": "grass", "variant": 8, "pos": [6, 18], "tileable": true}, "7;18": {"type": "grass", "variant": 8, "pos": [7, 18], "tileable": true}, "8;18": {"type": "grass", "variant": 8, "pos": [8, 18], "tileable": true}, "9;18": {"type": "grass", "variant": 8, "pos": [9, 18], "tileable": true}, "10;18": {"type": "grass", "variant": 8, "pos": [10, 18], "tileable": true}, "11;18": {"type": "grass", "variant": 8, "pos": [11, 18], "tileable": true}, "12;18": {"type": "grass", "variant": 8, "pos": [12, 18], "tileable": true}, "13;18": {"type": "grass", "variant": 8, "pos": [13, 18], "tileable": true}, "14;18": {"type": "grass", "variant": 8, "pos": [14, 18], "tileable": true}, "15;18": {"type": "grass", "variant": 8, "pos": [15, 18], "tileable": true}, "16;18": {"type": "grass", "variant": 8, "pos": [16, 18], "tileable": true}, "17;18": {"type": "grass", "variant": 8, "pos": [17, 18], "tileable": true}, "18;18": {"type": "grass", "variant": 8, "pos": [18, 18], "tileable": true}, "19;18": {"type": "grass", "variant": 8, "pos": [19, 18], "tileable": true}, "20;18": {"type": "grass", "variant": 8, "pos": [20, 18], "tileable": true}, "21;18": {"type": "grass", "variant": 8, "pos": [21, 18], "tileable": true}, "22;18": {"type": "grass", "variant": 8, "pos": [22, 18], "tileable": true}, "23;18": {"type": "grass", "variant": 8, "pos": [23, 18], "tileable": true}, "24;18": {"type": "grass", "variant": 8, "pos": [24, 18], "tileable": true}, "25;18": {"type": "grass", "variant": 8, "pos": [25, 18], "tileable": true}, "26;18": {"type": "grass", "variant": 8, "pos": [26, 18], "tileable": true}, "27;18": {"type": "grass", "variant": 8, "pos": [27, 18], "tileable": true}, "28;18": {"type": "grass", "variant": 8, "pos": [28, 18], "tileable": true}, "29;18": {"type": "grass", "variant": 8, "pos": [29, 18], "tileable": true}, "30;18": {"type": "grass", "variant": 8, "pos": [30, 18], "tileable": true}, "31;18": {"type": "grass", "variant": 8, "pos": [31, 18], "tileable": true}, "32;18": {"type": "grass", "variant": 8, "pos": [32, 18], "tileable": true}, "33;18": {"type": "grass", "variant": 8, "pos": [33, 18], "tileable": true}, "34;18": {"type": "grass", "variant": 8, "pos": [34, 18], "tileable": true}, "35;18": {"type": "grass", "variant": 8, "pos": [35, 18], "tileable": true}, "36;18": {"type": "grass", "variant": 8, "pos": [36, 18], "tileable": true}, "37;18": {"type": "grass", "variant": 8, "pos": [37, 18], "tileable": true}, "-11;17": {"type": "stone", "variant": 8, "pos": [-11, 17], "tileable": true}, "21;15": {"type": "grass", "variant": 0, "pos": [21, 15], "tileable": true}, "22;15": {"type": "grass", "variant": 1, "pos": [22, 15], "tileable": true}, "23;15": {"type": "grass", "variant": 1, "pos": [23, 15], "tileable": true}, "24;15": {"type": "grass", "variant": 1, "pos": [24, 15], "tileable": true}, "25;15": {"type": "grass", "variant": 8, "pos": [25, 15], "tileable": true}, "25;14": {"type": "grass", "variant": 0, "pos": [25, 14], "tileable": true}, "26;14": {"type": "grass", "variant": 1, "pos": [26, 14], "tileable": true}, "27;14": {"type": "grass", "variant": 8, "pos": [27, 14], "tileable": true}, "27;13": {"type": "grass", "variant": 0, "pos": [27, 13], "tileable": true}, "28;13": {"type": "grass", "variant": 1, "pos": [28, 13], "tileable": true}, "29;13": {"type": "grass", "variant": 1, "pos": [29, 13], "tileable": true}, "30;13": {"type": "grass", "variant": 8, "pos": [30, 13], "tileable": true}, "30;12": {"type": "grass", "variant": 0, "pos": [30, 12], "tileable": true}, "31;12": {"type": "grass", "variant": 1, "pos": [31, 12], "tileable": true}, "32;12": {"type": "grass", "variant": 1, "pos": [32, 12], "tileable": true}, "33;12": {"type": "grass", "variant": 1, "pos": [33, 12], "tileable": true}, "26;15": {"type": "grass", "variant": 8, "pos": [26, 15], "tileable": true}, "27;15": {"type": "grass", "variant": 8, "pos": [27, 15], "tileable": true}, "29;15": {"type": "grass", "variant": 8, "pos": [29, 15], "tileable": true}, "30;15": {"type": "grass", "variant": 8, "pos": [30, 15], "tileable": true}, "31;15": {"type": "grass", "variant": 8, "pos": [31, 15], "tileable": true}, "32;15": {"type": "grass", "variant": 8, "pos": [32, 15], "tileable": true}, "33;15": {"type": "grass", "variant": 8, "pos": [33, 15], "tileable": true}, "34;15": {"type": "grass", "variant": 8, "pos": [34, 15], "tileable": true}, "35;15": {"type": "grass", "variant": 8, "pos": [35, 15], "tileable": true}, "28;15": {"type": "grass", "variant": 8, "pos": [28, 15], "tileable": true}, "28;14": {"type": "grass", "variant": 8, "pos": [28, 14], "tileable": true}, "29;14": {"type": "grass", "variant": 8, "pos": [29, 14], "tileable": true}, "30;14": {"type": "grass", "variant": 8, "pos": [30, 14], "tileable": true}, "31;14": {"type": "grass", "variant": 8, "pos": [31, 14], "tileable": true}, "32;14": {"type": "grass", "variant": 8, "pos": [32, 14], "tileable": true}, "33;14": {"type": "grass", "variant": 8, "pos": [33, 14], "tileable": true}, "34;14": {"type": "grass", "variant": 8, "pos": [34, 14], "tileable": true}, "35;14": {"type": "grass", "variant": 8, "pos": [35, 14], "tileable": true}, "34;13": {"type": "grass", "variant": 8, "pos": [34, 13], "tileable": true}, "33;13": {"type": "grass", "variant": 8, "pos": [33, 13], "tileable": true}, "32;13": {"type": "grass", "variant": 8, "pos": [32, 13], "tileable": true}, "31;13": {"type": "grass", "variant": 8, "pos": [31, 13], "tileable": true}, "35;13": {"type": "grass", "variant": 8, "pos": [35, 13], "tileable": true}, "34;12": {"type": "grass", "variant": 1, "pos": [34, 12], "tileable": true}, "35;12": {"type": "grass", "variant": 1, "pos": [35, 12], "tileable": true}, "36;12": {"type": "grass", "variant": 1, "pos": [36, 12], "tileable": true}, "36;13": {"type": "grass", "variant": 8, "pos": [36, 13], "tileable": true}, "36;14": {"type": "grass", "variant": 8, "pos": [36, 14], "tileable": true}, "36;15": {"type": "grass", "variant": 8, "pos": [36, 15], "tileable": true}, "37;15": {"type": "grass", "variant": 8, "pos": [37, 15], "tileable": true}, "37;14": {"type": "grass", "variant": 8, "pos": [37, 14], "tileable": true}, "37;13": {"type": "grass", "variant": 3, "pos": [37, 13], "tileable": true}, "37;12": {"type": "grass", "variant": 2, "pos": [37, 12], "tileable": true}, "38;14": {"type": "grass", "variant": 1, "pos": [38, 14], "tileable": true}, "39;14": {"type": "grass", "variant": 1, "pos": [39, 14], "tileable": true}, "40;14": {"type": "grass", "variant": 1, "pos": [40, 14], "tileable": true}, "41;14": {"type": "grass", "variant": 1, "pos": [41, 14], "tileable": true}, "42;14": {"type": "grass", "variant": 1, "pos": [42, 14], "tileable": true}, "43;14": {"type": "grass", "variant": 8, "pos": [43, 14], "tileable": true}, "43;13": {"type": "grass", "variant": 7, "pos": [43, 13], "tileable": true}, "43;12": {"type": "grass", "variant": 7, "pos": [43, 12], "tileable": true}, "43;11": {"type": "grass", "variant": 7, "pos": [43, 11], "tileable": true}, "43;10": {"type": "grass", "variant": 0, "pos": [43, 10], "tileable": true}, "38;15": {"type": "grass", "variant": 8, "pos": [38, 15], "tileable": true}, "38;16": {"type": "grass", "variant": 8, "pos": [38, 16], "tileable": true}, "38;17": {"type": "grass", "variant": 8, "pos": [38, 17], "tileable": true}, "39;18": {"type": "grass", "variant": 8, "pos": [39, 18], "tileable": true}, "40;18": {"type": "grass", "variant": 8, "pos": [40, 18], "tileable": true}, "41;18": {"type": "grass", "variant": 8, "pos": [41, 18], "tileable": true}, "41;17": {"type": "grass", "variant": 8, "pos": [41, 17], "tileable": true}, "42;17": {"type": "grass", "variant": 8, "pos": [42, 17], "tileable": true}, "42;16": {"type": "grass", "variant": 8, "pos": [42, 16], "tileable": true}, "42;15": {"type": "grass", "variant": 8, "pos": [42, 15], "tileable": true}, "41;15": {"type": "grass", "variant": 8, "pos": [41, 15], "tileable": true}, "40;15": {"type": "grass", "variant": 8, "pos": [40, 15], "tileable": true}, "40;16": {"type": "grass", "variant": 8, "pos": [40, 16], "tileable": true}, "39;16": {"type": "grass", "variant": 8, "pos": [39, 16], "tileable": true}, "39;17": {"type": "grass", "variant": 8, "pos": [39, 17], "tileable": true}, "38;18": {"type": "grass", "variant": 8, "pos": [38, 18], "tileable": true}, "41;16": {"type": "grass", "variant": 8, "pos": [41, 16], "tileable": true}, "39;15": {"type": "grass", "variant": 8, "pos": [39, 15], "tileable": true}, "40;17": {"type": "grass", "variant": 8, "pos": [40, 17], "tileable": true}, "43;15": {"type": "grass", "variant": 8, "pos": [43, 15], "tileable": true}, "43;16": {"type": "grass", "variant": 8, "pos": [43, 16], "tileable": true}, "43;17": {"type": "grass", "variant": 8, "pos": [43, 17], "tileable": true}, "43;18": {"type": "grass", "variant": 8, "pos": [43, 18], "tileable": true}, "42;18": {"type": "grass", "variant": 8, "pos": [42, 18], "tileable": true}, "44;18": {"type": "grass", "variant": 8, "pos": [44, 18], "tileable": true}, "45;18": {"type": "grass", "variant": 8, "pos": [45, 18], "tileable": true}, "45;17": {"type": "grass", "variant": 8, "pos": [45, 17], "tileable": true}, "45;16": {"type": "grass", "variant": 8, "pos": [45, 16], "tileable": true}, "45;15": {"type": "grass", "variant": 8, "pos": [45, 15], "tileable": true}, "45;14": {"type": "grass", "variant": 8, "pos": [45, 14], "tileable": true}, "45;13": {"type": "grass", "variant": 8, "pos": [45, 13], "tileable": true}, "45;12": {"type": "grass", "variant": 8, "pos": [45, 12], "tileable": true}, "44;12": {"type": "grass", "variant": 8, "pos": [44, 12], "tileable": true}, "44;13": {"type": "grass", "variant": 8, "pos": [44, 13], "tileable": true}, "44;14": {"type": "grass", "variant": 8, "pos": [44, 14], "tileable": true}, "44;15": {"type": "grass", "variant": 8, "pos": [44, 15], "tileable": true}, "44;16": {"type": "grass", "variant": 8, "pos": [44, 16], "tileable": true}, "44;17": {"type": "grass", "variant": 8, "pos": [44, 17], "tileable": true}, "44;11": {"type": "grass", "variant": 8, "pos": [44, 11], "tileable": true}, "44;10": {"type": "grass", "variant": 1, "pos": [44, 10], "tileable": true}, "45;10": {"type": "grass", "variant": 1, "pos": [45, 10], "tileable": true}, "45;11": {"type": "grass", "variant": 8, "pos": [45, 11], "tileable": true}, "46;11": {"type": "grass", "variant": 8, "pos": [46, 11], "tileable": true}, "46;10": {"type": "grass", "variant": 1, "pos": [46, 10], "tileable": true}, "47;10": {"type": "grass", "variant": 1, "pos": [47, 10], "tileable": true}, "47;11": {"type": "grass", "variant": 8, "pos": [47, 11], "tileable": true}, "47;12": {"type": "grass", "variant": 8, "pos": [47, 12], "tileable": true}, "47;13": {"type": "grass", "variant": 8, "pos": [47, 13], "tileable": true}, "47;14": {"type": "grass", "variant": 8, "pos": [47, 14], "tileable": true}, "47;15": {"type": "grass", "variant": 8, "pos": [47, 15], "tileable": true}, "47;16": {"type": "grass", "variant": 8, "pos": [47, 16], "tileable": true}, "46;16": {"type": "grass", "variant": 8, "pos": [46, 16], "tileable": true}, "46;17": {"type": "grass", "variant": 8, "pos": [46, 17], "tileable": true}, "46;18": {"type": "grass", "variant": 8, "pos": [46, 18], "tileable": true}, "47;18": {"type": "grass", "variant": 8, "pos": [47, 18], "tileable": true}, "48;18": {"type": "grass", "variant": 8, "pos": [48, 18], "tileable": true}, "48;17": {"type": "grass", "variant": 8, "pos": [48, 17], "tileable": true}, "47;17": {"type": "grass", "variant": 8, "pos": [47, 17], "tileable": true}, "48;16": {"type": "grass", "variant": 8, "pos": [48, 16], "tileable": true}, "48;15": {"type": "grass", "variant": 8, "pos": [48, 15], "tileable": true}, "48;14": {"type": "grass", "variant": 8, "pos": [48, 14], "tileable": true}, "48;13": {"type": "grass", "variant": 8, "pos": [48, 13], "tileable": true}, "48;11": {"type": "grass", "variant": 8, "pos": [48, 11], "tileable": true}, "48;10": {"type": "grass", "variant": 1, "pos": [48, 10], "tileable": true}, "48;12": {"type": "grass", "variant": 8, "pos": [48, 12], "tileable": true}, "46;13": {"type": "grass", "variant": 8, "pos": [46, 13], "tileable": true}, "46;12": {"type": "grass", "variant": 8, "pos": [46, 12], "tileable": true}, "46;14": {"type": "grass", "variant": 8, "pos": [46, 14], "tileable": true}, "46;15": {"type": "grass", "variant": 8, "pos": [46, 15], "tileable": true}, "49;10": {"type": "grass", "variant": 1, "pos": [49, 10], "tileable": true}, "49;11": {"type": "grass", "variant": 8, "pos": [49, 11], "tileable": true}, "49;12": {"type": "grass", "variant": 8, "pos": [49, 12], "tileable": true}, "49;13": {"type": "grass", "variant": 8, "pos": [49, 13], "tileable": true}, "49;14": {"type": "grass", "variant": 8, "pos": [49, 14], "tileable": true}, "49;15": {"type": "grass", "variant": 8, "pos": [49, 15], "tileable": true}, "49;16": {"type": "grass", "variant": 8, "pos": [49, 16], "tileable": true}, "50;15": {"type": "grass", "variant": 8, "pos": [50, 15], "tileable": true}, "50;16": {"type": "grass", "variant": 8, "pos": [50, 16], "tileable": true}, "49;17": {"type": "grass", "variant": 8, "pos": [49, 17], "tileable": true}, "49;18": {"type": "grass", "variant": 8, "pos": [49, 18], "tileable": true}, "50;17": {"type": "grass", "variant": 8, "pos": [50, 17], "tileable": true}, "50;18": {"type": "grass", "variant": 8, "pos": [50, 18], "tileable": true}, "51;17": {"type": "grass", "variant": 8, "pos": [51, 17], "tileable": true}, "50;10": {"type": "grass", "variant": 1, "pos": [50, 10], "tileable": true}, "51;10": {"type": "grass", "variant": 1, "pos": [51, 10], "tileable": true}, "53;10": {"type": "grass", "variant": 1, "pos": [53, 10], "tileable": true}, "54;10": {"type": "grass", "variant": 1, "pos": [54, 10], "tileable": true}, "56;10": {"type": "grass", "variant": 1, "pos": [56, 10], "tileable": true}, "57;10": {"type": "grass", "variant": 1, "pos": [57, 10], "tileable": true}, "59;10": {"type": "grass", "variant": 1, "pos": [59, 10], "tileable": true}, "61;10": {"type": "grass", "variant": 1, "pos": [61, 10], "tileable": true}, "63;10": {"type": "grass", "variant": 8, "pos": [63, 10], "tileable": true}, "64;10": {"type": "grass", "variant": 8, "pos": [64, 10], "tileable": true}, "65;10": {"type": "grass", "variant": 8, "pos": [65, 10], "tileable": true}, "66;10": {"type": "grass", "variant": 8, "pos": [66, 10], "tileable": true}, "67;10": {"type": "grass", "variant": 8, "pos": [67, 10], "tileable": true}, "68;10": {"type": "grass", "variant": 8, "pos": [68, 10], "tileable": true}, "69;10": {"type": "grass", "variant": 8, "pos": [69, 10], "tileable": true}, "70;10": {"type": "grass", "variant": 1, "pos": [70, 10], "tileable": true}, "71;10": {"type": "grass", "variant": 1, "pos": [71, 10], "tileable": true}, "72;10": {"type": "grass", "variant": 1, "pos": [72, 10], "tileable": true}, "73;10": {"type": "grass", "variant": 1, "pos": [73, 10], "tileable": true}, "74;10": {"type": "grass", "variant": 1, "pos": [74, 10], "tileable": true}, "75;10": {"type": "grass", "variant": 2, "pos": [75, 10], "tileable": true}, "62;10": {"type": "grass", "variant": 8, "pos": [62, 10], "tileable": true}, "60;10": {"type": "grass", "variant": 1, "pos": [60, 10], "tileable": true}, "58;10": {"type": "grass", "variant": 1, "pos": [58, 10], "tileable": true}, "55;10": {"type": "grass", "variant": 1, "pos": [55, 10], "tileable": true}, "52;10": {"type": "grass", "variant": 1, "pos": [52, 10], "tileable": true}, "50;12": {"type": "grass", "variant": 8, "pos": [50, 12], "tileable": true}, "51;12": {"type": "grass", "variant": 8, "pos": [51, 12], "tileable": true}, "52;11": {"type": "grass", "variant": 8, "pos": [52, 11], "tileable": true}, "53;11": {"type": "grass", "variant": 8, "pos": [53, 11], "tileable": true}, "54;11": {"type": "grass", "variant": 8, "pos": [54, 11], "tileable": true}, "50;11": {"type": "grass", "variant": 8, "pos": [50, 11], "tileable": true}, "51;11": {"type": "grass", "variant": 8, "pos": [51, 11], "tileable": true}, "55;11": {"type": "grass", "variant": 8, "pos": [55, 11], "tileable": true}, "54;12": {"type": "grass", "variant": 8, "pos": [54, 12], "tileable": true}, "53;12": {"type": "grass", "variant": 8, "pos": [53, 12], "tileable": true}, "52;13": {"type": "grass", "variant": 8, "pos": [52, 13], "tileable": true}, "51;13": {"type": "grass", "variant": 8, "pos": [51, 13], "tileable": true}, "50;13": {"type": "grass", "variant": 8, "pos": [50, 13], "tileable": true}, "50;14": {"type": "grass", "variant": 8, "pos": [50, 14], "tileable": true}, "51;14": {"type": "grass", "variant": 8, "pos": [51, 14], "tileable": true}, "52;14": {"type": "grass", "variant": 8, "pos": [52, 14], "tileable": true}, "51;16": {"type": "grass", "variant": 8, "pos": [51, 16], "tileable": true}, "52;17": {"type": "grass", "variant": 8, "pos": [52, 17], "tileable": true}, "53;17": {"type": "grass", "variant": 8, "pos": [53, 17], "tileable": true}, "54;17": {"type": "grass", "variant": 8, "pos": [54, 17], "tileable": true}, "54;16": {"type": "grass", "variant": 8, "pos": [54, 16], "tileable": true}, "54;15": {"type": "grass", "variant": 8, "pos": [54, 15], "tileable": true}, "54;14": {"type": "grass", "variant": 8, "pos": [54, 14], "tileable": true}, "53;14": {"type": "grass", "variant": 8, "pos": [53, 14], "tileable": true}, "53;15": {"type": "grass", "variant": 8, "pos": [53, 15], "tileable": true}, "52;15": {"type": "grass", "variant": 8, "pos": [52, 15], "tileable": true}, "52;18": {"type": "grass", "variant": 8, "pos": [52, 18], "tileable": true}, "53;18": {"type": "grass", "variant": 8, "pos": [53, 18], "tileable": true}, "54;18": {"type": "grass", "variant": 8, "pos": [54, 18], "tileable": true}, "55;18": {"type": "grass", "variant": 8, "pos": [55, 18], "tileable": true}, "51;18": {"type": "grass", "variant": 8, "pos": [51, 18], "tileable": true}, "56;18": {"type": "grass", "variant": 8, "pos": [56, 18], "tileable": true}, "57;18": {"type": "grass", "variant": 8, "pos": [57, 18], "tileable": true}, "59;18": {"type": "grass", "variant": 8, "pos": [59, 18], "tileable": true}, "60;18": {"type": "grass", "variant": 8, "pos": [60, 18], "tileable": true}, "61;18": {"type": "grass", "variant": 8, "pos": [61, 18], "tileable": true}, "62;18": {"type": "grass", "variant": 8, "pos": [62, 18], "tileable": true}, "63;18": {"type": "grass", "variant": 8, "pos": [63, 18], "tileable": true}, "64;18": {"type": "grass", "variant": 8, "pos": [64, 18], "tileable": true}, "65;18": {"type": "grass", "variant": 8, "pos": [65, 18], "tileable": true}, "66;18": {"type": "grass", "variant": 8, "pos": [66, 18], "tileable": true}, "67;17": {"type": "grass", "variant": 8, "pos": [67, 17], "tileable": true}, "68;17": {"type": "grass", "variant": 8, "pos": [68, 17], "tileable": true}, "69;17": {"type": "grass", "variant": 8, "pos": [69, 17], "tileable": true}, "70;17": {"type": "grass", "variant": 8, "pos": [70, 17], "tileable": true}, "71;17": {"type": "grass", "variant": 8, "pos": [71, 17], "tileable": true}, "72;17": {"type": "grass", "variant": 8, "pos": [72, 17], "tileable": true}, "73;17": {"type": "grass", "variant": 8, "pos": [73, 17], "tileable": true}, "74;17": {"type": "grass", "variant": 8, "pos": [74, 17], "tileable": true}, "74;16": {"type": "grass", "variant": 8, "pos": [74, 16], "tileable": true}, "74;15": {"type": "grass", "variant": 8, "pos": [74, 15], "tileable": true}, "74;14": {"type": "grass", "variant": 8, "pos": [74, 14], "tileable": true}, "74;13": {"type": "grass", "variant": 8, "pos": [74, 13], "tileable": true}, "74;12": {"type": "grass", "variant": 8, "pos": [74, 12], "tileable": true}, "73;12": {"type": "grass", "variant": 8, "pos": [73, 12], "tileable": true}, "73;11": {"type": "grass", "variant": 8, "pos": [73, 11], "tileable": true}, "72;11": {"type": "grass", "variant": 8, "pos": [72, 11], "tileable": true}, "71;11": {"type": "grass", "variant": 8, "pos": [71, 11], "tileable": true}, "70;11": {"type": "grass", "variant": 8, "pos": [70, 11], "tileable": true}, "69;11": {"type": "grass", "variant": 8, "pos": [69, 11], "tileable": true}, "68;11": {"type": "grass", "variant": 8, "pos": [68, 11], "tileable": true}, "67;11": {"type": "grass", "variant": 8, "pos": [67, 11], "tileable": true}, "66;11": {"type": "grass", "variant": 8, "pos": [66, 11], "tileable": true}, "65;11": {"type": "grass", "variant": 8, "pos": [65, 11], "tileable": true}, "64;11": {"type": "grass", "variant": 8, "pos": [64, 11], "tileable": true}, "63;11": {"type": "grass", "variant": 8, "pos": [63, 11], "tileable": true}, "62;11": {"type": "grass", "variant": 8, "pos": [62, 11], "tileable": true}, "61;11": {"type": "grass", "variant": 8, "pos": [61, 11], "tileable": true}, "60;11": {"type": "grass", "variant": 8, "pos": [60, 11], "tileable": true}, "59;11": {"type": "grass", "variant": 8, "pos": [59, 11], "tileable": true}, "58;11": {"type": "grass", "variant": 8, "pos": [58, 11], "tileable": true}, "57;11": {"type": "grass", "variant": 8, "pos": [57, 11], "tileable": true}, "56;11": {"type": "grass", "variant": 8, "pos": [56, 11], "tileable": true}, "53;13": {"type": "grass", "variant": 8, "pos": [53, 13], "tileable": true}, "52;12": {"type": "grass", "variant": 8, "pos": [52, 12], "tileable": true}, "51;15": {"type": "grass", "variant": 8, "pos": [51, 15], "tileable": true}, "55;16": {"type": "grass", "variant": 8, "pos": [55, 16], "tileable": true}, "56;15": {"type": "grass", "variant": 8, "pos": [56, 15], "tileable": true}, "57;15": {"type": "grass", "variant": 8, "pos": [57, 15], "tileable": true}, "55;15": {"type": "grass", "variant": 8, "pos": [55, 15], "tileable": true}, "53;16": {"type": "grass", "variant": 8, "pos": [53, 16], "tileable": true}, "52;16": {"type": "grass", "variant": 8, "pos": [52, 16], "tileable": true}, "55;17": {"type": "grass", "variant": 8, "pos": [55, 17], "tileable": true}, "56;17": {"type": "grass", "variant": 8, "pos": [56, 17], "tileable": true}, "57;17": {"type": "grass", "variant": 8, "pos": [57, 17], "tileable": true}, "58;17": {"type": "grass", "variant": 8, "pos": [58, 17], "tileable": true}, "59;17": {"type": "grass", "variant": 8, "pos": [59, 17], "tileable": true}, "60;17": {"type": "grass", "variant": 8, "pos": [60, 17], "tileable": true}, "61;17": {"type": "grass", "variant": 8, "pos": [61, 17], "tileable": true}, "62;17": {"type": "grass", "variant": 8, "pos": [62, 17], "tileable": true}, "63;17": {"type": "grass", "variant": 8, "pos": [63, 17], "tileable": true}, "64;17": {"type": "grass", "variant": 8, "pos": [64, 17], "tileable": true}, "65;17": {"type": "grass", "variant": 8, "pos": [65, 17], "tileable": true}, "66;17": {"type": "grass", "variant": 8, "pos": [66, 17], "tileable": true}, "68;16": {"type": "grass", "variant": 8, "pos": [68, 16], "tileable": true}, "69;16": {"type": "grass", "variant": 8, "pos": [69, 16], "tileable": true}, "70;16": {"type": "grass", "variant": 8, "pos": [70, 16], "tileable": true}, "71;16": {"type": "grass", "variant": 8, "pos": [71, 16], "tileable": true}, "72;16": {"type": "grass", "variant": 8, "pos": [72, 16], "tileable": true}, "72;15": {"type": "grass", "variant": 8, "pos": [72, 15], "tileable": true}, "73;15": {"type": "grass", "variant": 8, "pos": [73, 15], "tileable": true}, "73;16": {"type": "grass", "variant": 8, "pos": [73, 16], "tileable": true}, "73;14": {"type": "grass", "variant": 8, "pos": [73, 14], "tileable": true}, "73;13": {"type": "grass", "variant": 8, "pos": [73, 13], "tileable": true}, "74;11": {"type": "grass", "variant": 8, "pos": [74, 11], "tileable": true}, "75;11": {"type": "grass", "variant": 3, "pos": [75, 11], "tileable": true}, "75;12": {"type": "grass", "variant": 3, "pos": [75, 12], "tileable": true}, "75;13": {"type": "grass", "variant": 3, "pos": [75, 13], "tileable": true}, "75;14": {"type": "grass", "variant": 3, "pos": [75, 14], "tileable": true}, "75;15": {"type": "grass", "variant": 3, "pos": [75, 15], "tileable": true}, "75;16": {"type": "grass", "variant": 3, "pos": [75, 16], "tileable": true}, "75;17": {"type": "grass", "variant": 3, "pos": [75, 17], "tileable": true}, "75;18": {"type": "grass", "variant": 3, "pos": [75, 18], "tileable": true}, "74;18": {"type": "grass", "variant": 8, "pos": [74, 18], "tileable": true}, "73;18": {"type": "grass", "variant": 8, "pos": [73, 18], "tileable": true}, "72;18": {"type": "grass", "variant": 8, "pos": [72, 18], "tileable": true}, "71;18": {"type": "grass", "variant": 8, "pos": [71, 18], "tileable": true}, "70;18": {"type": "grass", "variant": 8, "pos": [70, 18], "tileable": true}, "69;18": {"type": "grass", "variant": 8, "pos": [69, 18], "tileable": true}, "68;18": {"type": "grass", "variant": 8, "pos": [68, 18], "tileable": true}, "67;18": {"type": "grass", "variant": 8, "pos": [67, 18], "tileable": true}, "58;18": {"type": "grass", "variant": 8, "pos": [58, 18], "tileable": true}, "56;16": {"type": "grass", "variant": 8, "pos": [56, 16], "tileable": true}, "57;16": {"type": "grass", "variant": 8, "pos": [57, 16], "tileable": true}, "58;16": {"type": "grass", "variant": 8, "pos": [58, 16], "tileable": true}, "59;16": {"type": "grass", "variant": 8, "pos": [59, 16], "tileable": true}, "60;16": {"type": "grass", "variant": 8, "pos": [60, 16], "tileable": true}, "61;16": {"type": "grass", "variant": 8, "pos": [61, 16], "tileable": true}, "62;16": {"type": "grass", "variant": 8, "pos": [62, 16], "tileable": true}, "63;16": {"type": "grass", "variant": 8, "pos": [63, 16], "tileable": true}, "64;16": {"type": "grass", "variant": 8, "pos": [64, 16], "tileable": true}, "65;16": {"type": "grass", "variant": 8, "pos": [65, 16], "tileable": true}, "66;16": {"type": "grass", "variant": 8, "pos": [66, 16], "tileable": true}, "67;16": {"type": "grass", "variant": 8, "pos": [67, 16], "tileable": true}, "69;15": {"type": "grass", "variant": 8, "pos": [69, 15], "tileable": true}, "70;15": {"type": "grass", "variant": 8, "pos": [70, 15], "tileable": true}, "71;15": {"type": "grass", "variant": 8, "pos": [71, 15], "tileable": true}, "72;14": {"type": "grass", "variant": 8, "pos": [72, 14], "tileable": true}, "71;14": {"type": "grass", "variant": 8, "pos": [71, 14], "tileable": true}, "70;14": {"type": "grass", "variant": 8, "pos": [70, 14], "tileable": true}, "69;14": {"type": "grass", "variant": 8, "pos": [69, 14], "tileable": true}, "68;14": {"type": "grass", "variant": 8, "pos": [68, 14], "tileable": true}, "67;14": {"type": "grass", "variant": 8, "pos": [67, 14], "tileable": true}, "66;14": {"type": "grass", "variant": 8, "pos": [66, 14], "tileable": true}, "65;14": {"type": "grass", "variant": 8, "pos": [65, 14], "tileable": true}, "64;14": {"type": "grass", "variant": 8, "pos": [64, 14], "tileable": true}, "63;14": {"type": "grass", "variant": 8, "pos": [63, 14], "tileable": true}, "62;14": {"type": "grass", "variant": 8, "pos": [62, 14], "tileable": true}, "61;14": {"type": "grass", "variant": 8, "pos": [61, 14], "tileable": true}, "60;14": {"type": "grass", "variant": 8, "pos": [60, 14], "tileable": true}, "60;15": {"type": "grass", "variant": 8, "pos": [60, 15], "tileable": true}, "59;15": {"type": "grass", "variant": 8, "pos": [59, 15], "tileable": true}, "58;15": {"type": "grass", "variant": 8, "pos": [58, 15], "tileable": true}, "55;14": {"type": "grass", "variant": 8, "pos": [55, 14], "tileable": true}, "54;13": {"type": "grass", "variant": 8, "pos": [54, 13], "tileable": true}, "55;13": {"type": "grass", "variant": 8, "pos": [55, 13], "tileable": true}, "56;13": {"type": "grass", "variant": 8, "pos": [56, 13], "tileable": true}, "57;13": {"type": "grass", "variant": 8, "pos": [57, 13], "tileable": true}, "58;13": {"type": "grass", "variant": 8, "pos": [58, 13], "tileable": true}, "59;13": {"type": "grass", "variant": 8, "pos": [59, 13], "tileable": true}, "60;13": {"type": "grass", "variant": 8, "pos": [60, 13], "tileable": true}, "61;13": {"type": "grass", "variant": 8, "pos": [61, 13], "tileable": true}, "62;13": {"type": "grass", "variant": 8, "pos": [62, 13], "tileable": true}, "63;13": {"type": "grass", "variant": 8, "pos": [63, 13], "tileable": true}, "64;13": {"type": "grass", "variant": 8, "pos": [64, 13], "tileable": true}, "65;13": {"type": "grass", "variant": 8, "pos": [65, 13], "tileable": true}, "66;13": {"type": "grass", "variant": 8, "pos": [66, 13], "tileable": true}, "59;14": {"type": "grass", "variant": 8, "pos": [59, 14], "tileable": true}, "58;14": {"type": "grass", "variant": 8, "pos": [58, 14], "tileable": true}, "57;14": {"type": "grass", "variant": 8, "pos": [57, 14], "tileable": true}, "56;14": {"type": "grass", "variant": 8, "pos": [56, 14], "tileable": true}, "61;15": {"type": "grass", "variant": 8, "pos": [61, 15], "tileable": true}, "62;15": {"type": "grass", "variant": 8, "pos": [62, 15], "tileable": true}, "63;15": {"type": "grass", "variant": 8, "pos": [63, 15], "tileable": true}, "64;15": {"type": "grass", "variant": 8, "pos": [64, 15], "tileable": true}, "65;15": {"type": "grass", "variant": 8, "pos": [65, 15], "tileable": true}, "66;15": {"type": "grass", "variant": 8, "pos": [66, 15], "tileable": true}, "67;15": {"type": "grass", "variant": 8, "pos": [67, 15], "tileable": true}, "68;15": {"type": "grass", "variant": 8, "pos": [68, 15], "tileable": true}, "72;13": {"type": "grass", "variant": 8, "pos": [72, 13], "tileable": true}, "71;13": {"type": "grass", "variant": 8, "pos": [71, 13], "tileable": true}, "70;13": {"type": "grass", "variant": 8, "pos": [70, 13], "tileable": true}, "69;13": {"type": "grass", "variant": 8, "pos": [69, 13], "tileable": true}, "68;13": {"type": "grass", "variant": 8, "pos": [68, 13], "tileable": true}, "67;13": {"type": "grass", "variant": 8, "pos": [67, 13], "tileable": true}, "58;12": {"type": "grass", "variant": 8, "pos": [58, 12], "tileable": true}, "57;12": {"type": "grass", "variant": 8, "pos": [57, 12], "tileable": true}, "56;12": {"type": "grass", "variant": 8, "pos": [56, 12], "tileable": true}, "55;12": {"type": "grass", "variant": 8, "pos": [55, 12], "tileable": true}, "60;12": {"type": "grass", "variant": 8, "pos": [60, 12], "tileable": true}, "61;12": {"type": "grass", "variant": 8, "pos": [61, 12], "tileable": true}, "62;12": {"type": "grass", "variant": 8, "pos": [62, 12], "tileable": true}, "63;12": {"type": "grass", "variant": 8, "pos": [63, 12], "tileable": true}, "64;12": {"type": "grass", "variant": 8, "pos": [64, 12], "tileable": true}, "65;12": {"type": "grass", "variant": 8, "pos": [65, 12], "tileable": true}, "66;12": {"type": "grass", "variant": 8, "pos": [66, 12], "tileable": true}, "67;12": {"type": "grass", "variant": 8, "pos": [67, 12], "tileable": true}, "68;12": {"type": "grass", "variant": 8, "pos": [68, 12], "tileable": true}, "69;12": {"type": "grass", "variant": 8, "pos": [69, 12], "tileable": true}, "70;12": {"type": "grass", "variant": 8, "pos": [70, 12], "tileable": true}, "71;12": {"type": "grass", "variant": 8, "pos": [71, 12], "tileable": true}, "72;12": {"type": "grass", "variant": 8, "pos": [72, 12], "tileable": true}, "59;12": {"type": "grass", "variant": 8, "pos": [59, 12], "tileable": true}, "62;9": {"type": "grass", "variant": 0, "pos": [62, 9], "tileable": true}, "63;9": {"type": "grass", "variant": 1, "pos": [63, 9], "tileable": true}, "64;9": {"type": "grass", "variant": 1, "pos": [64, 9], "tileable": true}, "65;9": {"type": "grass", "variant": 1, "pos": [65, 9], "tileable": true}, "66;9": {"type": "grass", "variant": 1, "pos": [66, 9], "tileable": true}, "67;9": {"type": "grass", "variant": 1, "pos": [67, 9], "tileable": true}, "68;9": {"type": "grass", "variant": 1, "pos": [68, 9], "tileable": true}, "69;9": {"type": "grass", "variant": 2, "pos": [69, 9], "tileable": true}, "-2;19": {"type": "grass", "variant": 5, "pos": [-2, 19], "tileable": false}, "-1;19": {"type": "grass", "variant": 8, "pos": [-1, 19], "tileable": true}, "0;19": {"type": "grass", "variant": 8, "pos": [0, 19], "tileable": true}, "1;19": {"type": "grass", "variant": 8, "pos": [1, 19], "tileable": true}, "2;19": {"type": "grass", "variant": 8, "pos": [2, 19], "tileable": true}, "3;19": {"type": "grass", "variant": 8, "pos": [3, 19], "tileable": true}, "4;19": {"type": "grass", "variant": 8, "pos": [4, 19], "tileable": true}, "5;19": {"type": "grass", "variant": 8, "pos": [5, 19], "tileable": true}, "6;19": {"type": "grass", "variant": 8, "pos": [6, 19], "tileable": true}, "7;19": {"type": "grass", "variant": 8, "pos": [7, 19], "tileable": true}, "8;19": {"type": "grass", "variant": 8, "pos": [8, 19], "tileable": true}, "0;20": {"type": "grass", "variant": 8, "pos": [0, 20], "tileable": true}, "-1;20": {"type": "grass", "variant": 8, "pos": [-1, 20], "tileable": true}, "-2;20": {"type": "grass", "variant": 5, "pos": [-2, 20], "tileable": false}, "1;20": {"type": "grass", "variant": 8, "pos": [1, 20], "tileable": true}, "2;20": {"type": "grass", "variant": 8, "pos": [2, 20], "tileable": true}, "3;20": {"type": "grass", "variant": 8, "pos": [3, 20], "tileable": true}, "4;20": {"type": "grass", "variant": 8, "pos": [4, 20], "tileable": true}, "5;20": {"type": "grass", "variant": 8, "pos": [5, 20], "tileable": true}, "6;20": {"type": "grass", "variant": 8, "pos": [6, 20], "tileable": true}, "7;20": {"type": "grass", "variant": 8, "pos": [7, 20], "tileable": true}, "8;20": {"type": "grass", "variant": 8, "pos": [8, 20], "tileable": true}, "9;20": {"type": "grass", "variant": 8, "pos": [9, 20], "tileable": true}, "10;20": {"type": "grass", "variant": 8, "pos": [10, 20], "tileable": true}, "11;20": {"type": "grass", "variant": 8, "pos": [11, 20], "tileable": true}, "12;20": {"type": "grass", "variant": 8, "pos": [12, 20], "tileable": true}, "13;20": {"type": "grass", "variant": 8, "pos": [13, 20], "tileable": true}, "14;20": {"type": "grass", "variant": 8, "pos": [14, 20], "tileable": true}, "15;20": {"type": "grass", "variant": 8, "pos": [15, 20], "tileable": true}, "16;20": {"type": "grass", "variant": 8, "pos": [16, 20], "tileable": true}, "13;19": {"type": "grass", "variant": 8, "pos": [13, 19], "tileable": true}, "12;19": {"type": "grass", "variant": 8, "pos": [12, 19], "tileable": true}, "11;19": {"type": "grass", "variant": 8, "pos": [11, 19], "tileable": true}, "10;19": {"type": "grass", "variant": 8, "pos": [10, 19], "tileable": true}, "9;19": {"type": "grass", "variant": 8, "pos": [9, 19], "tileable": true}, "2;21": {"type": "grass", "variant": 5, "pos": [2, 21], "tileable": true}, "1;21": {"type": "grass", "variant": 5, "pos": [1, 21], "tileable": true}, "0;21": {"type": "grass", "variant": 5, "pos": [0, 21], "tileable": true}, "-1;21": {"type": "grass", "variant": 5, "pos": [-1, 21], "tileable": true}, "-2;21": {"type": "grass", "variant": 5, "pos": [-2, 21], "tileable": false}, "3;21": {"type": "grass", "variant": 5, "pos": [3, 21], "tileable": true}, "4;21": {"type": "grass", "variant": 5, "pos": [4, 21], "tileable": true}, "5;21": {"type": "grass", "variant": 5, "pos": [5, 21], "tileable": true}, "6;21": {"type": "grass", "variant": 5, "pos": [6, 21], "tileable": true}, "7;21": {"type": "grass", "variant": 5, "pos": [7, 21], "tileable": true}, "8;21": {"type": "grass", "variant": 5, "pos": [8, 21], "tileable": true}, "9;21": {"type": "grass", "variant": 5, "pos": [9, 21], "tileable": true}, "10;21": {"type": "grass", "variant": 5, "pos": [10, 21], "tileable": true}, "11;21": {"type": "grass", "variant": 5, "pos": [11, 21], "tileable": true}, "12;21": {"type": "grass", "variant": 5, "pos": [12, 21], "tileable": true}, "13;21": {"type": "grass", "variant": 5, "pos": [13, 21], "tileable": true}, "14;21": {"type": "grass", "variant": 5, "pos": [14, 21], "tileable": true}, "15;21": {"type": "grass", "variant": 5, "pos": [15, 21], "tileable": true}, "16;21": {"type": "grass", "variant": 5, "pos": [16, 21], "tileable": true}, "17;21": {"type": "grass", "variant": 5, "pos": [17, 21], "tileable": true}, "18;21": {"type": "grass", "variant": 5, "pos": [18, 21], "tileable": true}, "19;21": {"type": "grass", "variant": 5, "pos": [19, 21], "tileable": true}, "20;21": {"type": "grass", "variant": 5, "pos": [20, 21], "tileable": true}, "21;21": {"type": "grass", "variant": 5, "pos": [21, 21], "tileable": true}, "21;20": {"type": "grass", "variant": 8, "pos": [21, 20], "tileable": true}, "20;20": {"type": "grass", "variant": 8, "pos": [20, 20], "tileable": true}, "19;20": {"type": "grass", "variant": 8, "pos": [19, 20], "tileable": true}, "18;20": {"type": "grass", "variant": 8, "pos": [18, 20], "tileable": true}, "17;20": {"type": "grass", "variant": 8, "pos": [17, 20], "tileable": true}, "15;19": {"type": "grass", "variant": 8, "pos": [15, 19], "tileable": true}, "14;19": {"type": "grass", "variant": 8, "pos": [14, 19], "tileable": true}, "16;19": {"type": "grass", "variant": 8, "pos": [16, 19], "tileable": true}, "17;19": {"type": "grass", "variant": 8, "pos": [17, 19], "tileable": true}, "19;19": {"type": "grass", "variant": 8, "pos": [19, 19], "tileable": true}, "20;19": {"type": "grass", "variant": 8, "pos": [20, 19], "tileable": true}, "21;19": {"type": "grass", "variant": 8, "pos": [21, 19], "tileable": true}, "22;19": {"type": "grass", "variant": 8, "pos": [22, 19], "tileable": true}, "23;19": {"type": "grass", "variant": 8, "pos": [23, 19], "tileable": true}, "24;19": {"type": "grass", "variant": 8, "pos": [24, 19], "tileable": true}, "25;19": {"type": "grass", "variant": 8, "pos": [25, 19], "tileable": true}, "26;19": {"type": "grass", "variant": 8, "pos": [26, 19], "tileable": true}, "27;19": {"type": "grass", "variant": 8, "pos": [27, 19], "tileable": true}, "27;20": {"type": "grass", "variant": 8, "pos": [27, 20], "tileable": true}, "26;20": {"type": "grass", "variant": 8, "pos": [26, 20], "tileable": true}, "25;20": {"type": "grass", "variant": 8, "pos": [25, 20], "tileable": true}, "24;20": {"type": "grass", "variant": 8, "pos": [24, 20], "tileable": true}, "23;20": {"type": "grass", "variant": 8, "pos": [23, 20], "tileable": true}, "22;20": {"type": "grass", "variant": 8, "pos": [22, 20], "tileable": true}, "18;19": {"type": "grass", "variant": 8, "pos": [18, 19], "tileable": true}, "22;21": {"type": "grass", "variant": 5, "pos": [22, 21], "tileable": true}, "23;21": {"type": "grass", "variant": 5, "pos": [23, 21], "tileable": true}, "24;21": {"type": "grass", "variant": 5, "pos": [24, 21], "tileable": true}, "25;21": {"type": "grass", "variant": 5, "pos": [25, 21], "tileable": true}, "26;21": {"type": "grass", "variant": 5, "pos": [26, 21], "tileable": true}, "27;21": {"type": "grass", "variant": 5, "pos": [27, 21], "tileable": true}, "28;21": {"type": "grass", "variant": 5, "pos": [28, 21], "tileable": true}, "29;21": {"type": "grass", "variant": 5, "pos": [29, 21], "tileable": true}, "30;21": {"type": "grass", "variant": 5, "pos": [30, 21], "tileable": true}, "31;21": {"type": "grass", "variant": 5, "pos": [31, 21], "tileable": true}, "32;21": {"type": "grass", "variant": 5, "pos": [32, 21], "tileable": true}, "33;21": {"type": "grass", "variant": 5, "pos": [33, 21], "tileable": true}, "34;21": {"type": "grass", "variant": 5, "pos": [34, 21], "tileable": true}, "34;20": {"type": "grass", "variant": 8, "pos": [34, 20], "tileable": true}, "35;20": {"type": "grass", "variant": 8, "pos": [35, 20], "tileable": true}, "36;20": {"type": "grass", "variant": 8, "pos": [36, 20], "tileable": true}, "37;20": {"type": "grass", "variant": 8, "pos": [37, 20], "tileable": true}, "36;19": {"type": "grass", "variant": 8, "pos": [36, 19], "tileable": true}, "35;19": {"type": "grass", "variant": 8, "pos": [35, 19], "tileable": true}, "34;19": {"type": "grass", "variant": 8, "pos": [34, 19], "tileable": true}, "33;19": {"type": "grass", "variant": 8, "pos": [33, 19], "tileable": true}, "32;19": {"type": "grass", "variant": 8, "pos": [32, 19], "tileable": true}, "31;19": {"type": "grass", "variant": 8, "pos": [31, 19], "tileable": true}, "30;19": {"type": "grass", "variant": 8, "pos": [30, 19], "tileable": true}, "29;19": {"type": "grass", "variant": 8, "pos": [29, 19], "tileable": true}, "28;19": {"type": "grass", "variant": 8, "pos": [28, 19], "tileable": true}, "28;20": {"type": "grass", "variant": 8, "pos": [28, 20], "tileable": true}, "29;20": {"type": "grass", "variant": 8, "pos": [29, 20], "tileable": true}, "30;20": {"type": "grass", "variant": 8, "pos": [30, 20], "tileable": true}, "31;20": {"type": "grass", "variant": 8, "pos": [31, 20], "tileable": true}, "32;20": {"type": "grass", "variant": 8, "pos": [32, 20], "tileable": true}, "33;20": {"type": "grass", "variant": 8, "pos": [33, 20], "tileable": true}, "38;20": {"type": "grass", "variant": 8, "pos": [38, 20], "tileable": true}, "39;20": {"type": "grass", "variant": 8, "pos": [39, 20], "tileable": true}, "40;20": {"type": "grass", "variant": 8, "pos": [40, 20], "tileable": true}, "41;20": {"type": "grass", "variant": 8, "pos": [41, 20], "tileable": true}, "42;20": {"type": "grass", "variant": 8, "pos": [42, 20], "tileable": true}, "41;21": {"type": "grass", "variant": 5, "pos": [41, 21], "tileable": true}, "40;21": {"type": "grass", "variant": 5, "pos": [40, 21], "tileable": true}, "39;21": {"type": "grass", "variant": 5, "pos": [39, 21], "tileable": true}, "38;21": {"type": "grass", "variant": 5, "pos": [38, 21], "tileable": true}, "37;21": {"type": "grass", "variant": 5, "pos": [37, 21], "tileable": true}, "36;21": {"type": "grass", "variant": 5, "pos": [36, 21], "tileable": true}, "35;21": {"type": "grass", "variant": 5, "pos": [35, 21], "tileable": true}, "42;21": {"type": "grass", "variant": 5, "pos": [42, 21], "tileable": true}, "43;21": {"type": "grass", "variant": 5, "pos": [43, 21], "tileable": true}, "44;21": {"type": "grass", "variant": 5, "pos": [44, 21], "tileable": true}, "45;21": {"type": "grass", "variant": 5, "pos": [45, 21], "tileable": true}, "46;21": {"type": "grass", "variant": 5, "pos": [46, 21], "tileable": true}, "47;21": {"type": "grass", "variant": 5, "pos": [47, 21], "tileable": true}, "48;21": {"type": "grass", "variant": 5, "pos": [48, 21], "tileable": true}, "49;21": {"type": "grass", "variant": 5, "pos": [49, 21], "tileable": true}, "49;20": {"type": "grass", "variant": 8, "pos": [49, 20], "tileable": true}, "50;20": {"type": "grass", "variant": 8, "pos": [50, 20], "tileable": true}, "51;20": {"type": "grass", "variant": 8, "pos": [51, 20], "tileable": true}, "48;19": {"type": "grass", "variant": 8, "pos": [48, 19], "tileable": true}, "47;19": {"type": "grass", "variant": 8, "pos": [47, 19], "tileable": true}, "46;19": {"type": "grass", "variant": 8, "pos": [46, 19], "tileable": true}, "45;19": {"type": "grass", "variant": 8, "pos": [45, 19], "tileable": true}, "44;19": {"type": "grass", "variant": 8, "pos": [44, 19], "tileable": true}, "43;19": {"type": "grass", "variant": 8, "pos": [43, 19], "tileable": true}, "42;19": {"type": "grass", "variant": 8, "pos": [42, 19], "tileable": true}, "41;19": {"type": "grass", "variant": 8, "pos": [41, 19], "tileable": true}, "40;19": {"type": "grass", "variant": 8, "pos": [40, 19], "tileable": true}, "39;19": {"type": "grass", "variant": 8, "pos": [39, 19], "tileable": true}, "38;19": {"type": "grass", "variant": 8, "pos": [38, 19], "tileable": true}, "37;19": {"type": "grass", "variant": 8, "pos": [37, 19], "tileable": true}, "43;20": {"type": "grass", "variant": 8, "pos": [43, 20], "tileable": true}, "44;20": {"type": "grass", "variant": 8, "pos": [44, 20], "tileable": true}, "45;20": {"type": "grass", "variant": 8, "pos": [45, 20], "tileable": true}, "46;20": {"type": "grass", "variant": 8, "pos": [46, 20], "tileable": true}, "47;20": {"type": "grass", "variant": 8, "pos": [47, 20], "tileable": true}, "48;20": {"type": "grass", "variant": 8, "pos": [48, 20], "tileable": true}, "52;20": {"type": "grass", "variant": 8, "pos": [52, 20], "tileable": true}, "53;20": {"type": "grass", "variant": 8, "pos": [53, 20], "tileable": true}, "54;20": {"type": "grass", "variant": 8, "pos": [54, 20], "tileable": true}, "55;20": {"type": "grass", "variant": 8, "pos": [55, 20], "tileable": true}, "56;20": {"type": "grass", "variant": 8, "pos": [56, 20], "tileable": true}, "56;19": {"type": "grass", "variant": 8, "pos": [56, 19], "tileable": true}, "55;19": {"type": "grass", "variant": 8, "pos": [55, 19], "tileable": true}, "54;19": {"type": "grass", "variant": 8, "pos": [54, 19], "tileable": true}, "53;19": {"type": "grass", "variant": 8, "pos": [53, 19], "tileable": true}, "52;19": {"type": "grass", "variant": 8, "pos": [52, 19], "tileable": true}, "51;19": {"type": "grass", "variant": 8, "pos": [51, 19], "tileable": true}, "50;19": {"type": "grass", "variant": 8, "pos": [50, 19], "tileable": true}, "49;19": {"type": "grass", "variant": 8, "pos": [49, 19], "tileable": true}, "50;21": {"type": "grass", "variant": 5, "pos": [50, 21], "tileable": true}, "51;21": {"type": "grass", "variant": 5, "pos": [51, 21], "tileable": true}, "52;21": {"type": "grass", "variant": 5, "pos": [52, 21], "tileable": true}, "53;21": {"type": "grass", "variant": 5, "pos": [53, 21], "tileable": true}, "54;21": {"type": "grass", "variant": 5, "pos": [54, 21], "tileable": true}, "55;21": {"type": "grass", "variant": 5, "pos": [55, 21], "tileable": true}, "56;21": {"type": "grass", "variant": 5, "pos": [56, 21], "tileable": true}, "57;21": {"type": "grass", "variant": 5, "pos": [57, 21], "tileable": true}, "58;21": {"type": "grass", "variant": 5, "pos": [58, 21], "tileable": true}, "59;21": {"type": "grass", "variant": 5, "pos": [59, 21], "tileable": true}, "60;21": {"type": "grass", "variant": 5, "pos": [60, 21], "tileable": true}, "61;21": {"type": "grass", "variant": 5, "pos": [61, 21], "tileable": true}, "62;20": {"type": "grass", "variant": 8, "pos": [62, 20], "tileable": true}, "63;20": {"type": "grass", "variant": 8, "pos": [63, 20], "tileable": true}, "64;20": {"type": "grass", "variant": 8, "pos": [64, 20], "tileable": true}, "65;20": {"type": "grass", "variant": 8, "pos": [65, 20], "tileable": true}, "66;20": {"type": "grass", "variant": 8, "pos": [66, 20], "tileable": true}, "65;19": {"type": "grass", "variant": 8, "pos": [65, 19], "tileable": true}, "64;19": {"type": "grass", "variant": 8, "pos": [64, 19], "tileable": true}, "63;19": {"type": "grass", "variant": 8, "pos": [63, 19], "tileable": true}, "62;19": {"type": "grass", "variant": 8, "pos": [62, 19], "tileable": true}, "61;19": {"type": "grass", "variant": 8, "pos": [61, 19], "tileable": true}, "60;19": {"type": "grass", "variant": 8, "pos": [60, 19], "tileable": true}, "59;19": {"type": "grass", "variant": 8, "pos": [59, 19], "tileable": true}, "58;19": {"type": "grass", "variant": 8, "pos": [58, 19], "tileable": true}, "57;19": {"type": "grass", "variant": 8, "pos": [57, 19], "tileable": true}, "57;20": {"type": "grass", "variant": 8, "pos": [57, 20], "tileable": true}, "58;20": {"type": "grass", "variant": 8, "pos": [58, 20], "tileable": true}, "59;20": {"type": "grass", "variant": 8, "pos": [59, 20], "tileable": true}, "60;20": {"type": "grass", "variant": 8, "pos": [60, 20], "tileable": true}, "61;20": {"type": "grass", "variant": 8, "pos": [61, 20], "tileable": true}, "67;20": {"type": "grass", "variant": 8, "pos": [67, 20], "tileable": true}, "68;20": {"type": "grass", "variant": 8, "pos": [68, 20], "tileable": true}, "66;21": {"type": "grass", "variant": 5, "pos": [66, 21], "tileable": true}, "65;21": {"type": "grass", "variant": 5, "pos": [65, 21], "tileable": true}, "64;21": {"type": "grass", "variant": 5, "pos": [64, 21], "tileable": true}, "63;21": {"type": "grass", "variant": 5, "pos": [63, 21], "tileable": true}, "62;21": {"type": "grass", "variant": 5, "pos": [62, 21], "tileable": true}, "67;21": {"type": "grass", "variant": 5, "pos": [67, 21], "tileable": true}, "68;21": {"type": "grass", "variant": 5, "pos": [68, 21], "tileable": true}, "69;21": {"type": "grass", "variant": 5, "pos": [69, 21], "tileable": true}, "70;21": {"type": "grass", "variant": 5, "pos": [70, 21], "tileable": true}, "71;21": {"type": "grass", "variant": 5, "pos": [71, 21], "tileable": true}, "72;21": {"type": "grass", "variant": 5, "pos": [72, 21], "tileable": true}, "73;21": {"type": "grass", "variant": 5, "pos": [73, 21], "tileable": true}, "74;21": {"type": "grass", "variant": 5, "pos": [74, 21], "tileable": true}, "75;21": {"type": "grass", "variant": 4, "pos": [75, 21], "tileable": true}, "75;20": {"type": "grass", "variant": 3, "pos": [75, 20], "tileable": true}, "74;20": {"type": "grass", "variant": 8, "pos": [74, 20], "tileable": true}, "74;19": {"type": "grass", "variant": 8, "pos": [74, 19], "tileable": true}, "73;19": {"type": "grass", "variant": 8, "pos": [73, 19], "tileable": true}, "75;19": {"type": "grass", "variant": 3, "pos": [75, 19], "tileable": true}, "73;20": {"type": "grass", "variant": 8, "pos": [73, 20], "tileable": true}, "72;20": {"type": "grass", "variant": 8, "pos": [72, 20], "tileable": true}, "71;20": {"type": "grass", "variant": 8, "pos": [71, 20], "tileable": true}, "70;20": {"type": "grass", "variant": 8, "pos": [70, 20], "tileable": true}, "69;20": {"type": "grass", "variant": 8, "pos": [69, 20], "tileable": true}, "66;19": {"type": "grass", "variant": 8, "pos": [66, 19], "tileable": true}, "68;19": {"type": "grass", "variant": 8, "pos": [68, 19], "tileable": true}, "69;19": {"type": "grass", "variant": 8, "pos": [69, 19], "tileable": true}, "70;19": {"type": "grass", "variant": 8, "pos": [70, 19], "tileable": true}, "71;19": {"type": "grass", "variant": 8, "pos": [71, 19], "tileable": true}, "72;19": {"type": "grass", "variant": 8, "pos": [72, 19], "tileable": true}, "67;19": {"type": "grass", "variant": 8, "pos": [67, 19], "tileable": true}, "-3;18": {"type": "stone", "variant": 5, "pos": [-3, 18], "tileable": false}, "-3;19": {"type": "stone", "variant": 5, "pos": [-3, 19], "tileable": false}, "-3;20": {"type": "stone", "variant": 5, "pos": [-3, 20], "tileable": false}, "-3;21": {"type": "stone", "variant": 5, "pos": [-3, 21], "tileable": false}, "-4;21": {"type": "stone", "variant": 5, "pos": [-4, 21], "tileable": true}, "-4;20": {"type": "stone", "variant": 8, "pos": [-4, 20], "tileable": true}, "-4;19": {"type": "stone", "variant": 8, "pos": [-4, 19], "tileable": true}, "-4;18": {"type": "stone", "variant": 8, "pos": [-4, 18], "tileable": true}, "-5;18": {"type": "stone", "variant": 8, "pos": [-5, 18], "tileable": true}, "-6;18": {"type": "stone", "variant": 8, "pos": [-6, 18], "tileable": true}, "-7;18": {"type": "stone", "variant": 8, "pos": [-7, 18], "tileable": true}, "-8;18": {"type": "stone", "variant": 8, "pos": [-8, 18], "tileable": true}, "-9;18": {"type": "stone", "variant": 8, "pos": [-9, 18], "tileable": true}, "-10;18": {"type": "stone", "variant": 8, "pos": [-10, 18], "tileable": true}, "-10;19": {"type": "stone", "variant": 8, "pos": [-10, 19], "tileable": true}, "-11;19": {"type": "stone", "variant": 8, "pos": [-11, 19], "tileable": true}, "-12;19": {"type": "stone", "variant": 8, "pos": [-12, 19], "tileable": true}, "-12;18": {"type": "stone", "variant": 8, "pos": [-12, 18], "tileable": true}, "-13;18": {"type": "stone", "variant": 7, "pos": [-13, 18], "tileable": true}, "-11;18": {"type": "stone", "variant": 8, "pos": [-11, 18], "tileable": true}, "-11;20": {"type": "stone", "variant": 8, "pos": [-11, 20], "tileable": true}, "-10;20": {"type": "stone", "variant": 8, "pos": [-10, 20], "tileable": true}, "-9;20": {"type": "stone", "variant": 8, "pos": [-9, 20], "tileable": true}, "-8;21": {"type": "stone", "variant": 5, "pos": [-8, 21], "tileable": true}, "-7;21": {"type": "stone", "variant": 5, "pos": [-7, 21], "tileable": true}, "-6;21": {"type": "stone", "variant": 5, "pos": [-6, 21], "tileable": true}, "-6;20": {"type": "stone", "variant": 8, "pos": [-6, 20], "tileable": true}, "-5;20": {"type": "stone", "variant": 8, "pos": [-5, 20], "tileable": true}, "-5;19": {"type": "stone", "variant": 8, "pos": [-5, 19], "tileable": true}, "-5;21": {"type": "stone", "variant": 5, "pos": [-5, 21], "tileable": true}, "-7;20": {"type": "stone", "variant": 8, "pos": [-7, 20], "tileable": true}, "-7;19": {"type": "stone", "variant": 8, "pos": [-7, 19], "tileable": true}, "-8;19": {"type": "stone", "variant": 8, "pos": [-8, 19], "tileable": true}, "-9;19": {"type": "stone", "variant": 8, "pos": [-9, 19], "tileable": true}, "-8;20": {"type": "stone", "variant": 8, "pos": [-8, 20], "tileable": true}, "-6;19": {"type": "stone", "variant": 8, "pos": [-6, 19], "tileable": true}, "-9;21": {"type": "stone", "variant": 5, "pos": [-9, 21], "tileable": true}, "-10;21": {"type": "stone", "variant": 5, "pos": [-10, 21], "tileable": true}, "-11;21": {"type": "stone", "variant": 5, "pos": [-11, 21], "tileable": true}, "-12;21": {"type": "stone", "variant": 5, "pos": [-12, 21], "tileable": true}, "-12;20": {"type": "stone", "variant": 8, "pos": [-12, 20], "tileable": true}, "-13;20": {"type": "stone", "variant": 7, "pos": [-13, 20], "tileable": true}, "-13;19": {"type": "stone", "variant": 7, "pos": [-13, 19], "tileable": true}, "-13;21": {"type": "stone", "variant": 6, "pos": [-13, 21], "tileable": true}}, "tile_size": 16, "offgrid": [{"type": "spawners", "variant": 0, "pos": [-91.5835176538054, 241.63905955599253]}, {"type": "large_decor", "variant": 1, "pos": [115.61906712405909, 244.739132660898]}, {"type": "large_decor", "variant": 1, "pos": [132.00327684194346, 244.739132660898]}, {"type": "large_decor", "variant": 0, "pos": [197.54011571348104, 253.955250627208]}, {"type": "large_decor", "variant": 1, "pos": [242.596692437663, 247.29916542931744]}, {"type": "large_decor", "variant": 2, "pos": [247.7167579745019, 213.50673288618088]}, {"type": "large_decor", "variant": 2, "pos": [83.40490040791869, 214.32902379940646]}, {"type": "decor", "variant": 0, "pos": [740.1537740640614, 145.95230933071187]}, {"type": "decor", "variant": 1, "pos": [842.9636372573104, 145.5427082821332]}, {"type": "decor", "variant": 2, "pos": [973.2167707053308, 144.7235061849758]}, {"type": "decor", "variant": 0, "pos": [1132.5515786024375, 144.7235061849758]}, {"type": "large_decor", "variant": 2, "pos": [909.3190071270567, 98.43858769558446]}, {"type": "large_decor", "variant": 2, "pos": [892.5253641353306, 91.06576882116815]}, {"type": "large_decor", "variant": 2, "pos": [895.80217252396, 120.55704431883342]}, {"type": "large_decor", "variant": 2, "pos": [890.4773588924377, 134.8930810190874]}, {"type": "large_decor", "variant": 0, "pos": [802.413133448021, 154.14433030228554]}, {"type": "large_decor", "variant": 0, "pos": [713.1201048578687, 154.9635323994429]}, {"type": "large_decor", "variant": 1, "pos": [778.6562726304574, 152.09632505939214]}, {"type": "large_decor", "variant": 1, "pos": [908.0902039813208, 130.38746948472186]}, {"type": "large_decor", "variant": 1, "pos": [891.2965609895945, 102.53459818137131]}, {"type": "large_decor", "variant": 1, "pos": [904.813395592691, 150.0483198164987]}, {"type": "large_decor", "variant": 1, "pos": [1146.4780142541126, 150.86752191365605]}, {"type": "spawners", "variant": 1, "pos": [1012.1288703203053, 130.38746948472186]}]}