{"tilemap": {"8;8": {"type": "grass", "variant": 0, "pos": [8, 8], "tileable": true}, "8;9": {"type": "grass", "variant": 7, "pos": [8, 9], "tileable": true}, "8;10": {"type": "grass", "variant": 7, "pos": [8, 10], "tileable": true}, "8;11": {"type": "grass", "variant": 7, "pos": [8, 11], "tileable": true}, "8;12": {"type": "grass", "variant": 7, "pos": [8, 12], "tileable": true}, "8;13": {"type": "grass", "variant": 7, "pos": [8, 13], "tileable": true}, "8;14": {"type": "grass", "variant": 7, "pos": [8, 14], "tileable": true}, "8;15": {"type": "grass", "variant": 6, "pos": [8, 15], "tileable": true}, "9;15": {"type": "grass", "variant": 8, "pos": [9, 15], "tileable": true}, "9;16": {"type": "grass", "variant": 6, "pos": [9, 16], "tileable": true}, "10;16": {"type": "grass", "variant": 5, "pos": [10, 16], "tileable": true}, "11;16": {"type": "grass", "variant": 5, "pos": [11, 16], "tileable": true}, "12;16": {"type": "grass", "variant": 4, "pos": [12, 16], "tileable": true}, "12;15": {"type": "grass", "variant": 8, "pos": [12, 15], "tileable": true}, "13;15": {"type": "grass", "variant": 4, "pos": [13, 15], "tileable": true}, "13;14": {"type": "grass", "variant": 3, "pos": [13, 14], "tileable": true}, "13;13": {"type": "grass", "variant": 3, "pos": [13, 13], "tileable": true}, "13;12": {"type": "grass", "variant": 3, "pos": [13, 12], "tileable": true}, "13;11": {"type": "grass", "variant": 3, "pos": [13, 11], "tileable": true}, "13;10": {"type": "grass", "variant": 3, "pos": [13, 10], "tileable": true}, "13;9": {"type": "grass", "variant": 3, "pos": [13, 9], "tileable": true}, "13;8": {"type": "grass", "variant": 3, "pos": [13, 8], "tileable": true}, "13;7": {"type": "grass", "variant": 2, "pos": [13, 7], "tileable": true}, "12;7": {"type": "grass", "variant": 1, "pos": [12, 7], "tileable": true}, "11;7": {"type": "grass", "variant": 1, "pos": [11, 7], "tileable": true}, "10;7": {"type": "grass", "variant": 1, "pos": [10, 7], "tileable": true}, "10;8": {"type": "grass", "variant": 8, "pos": [10, 8], "tileable": true}, "9;8": {"type": "grass", "variant": 8, "pos": [9, 8], "tileable": true}, "9;7": {"type": "grass", "variant": 0, "pos": [9, 7], "tileable": true}, "11;8": {"type": "grass", "variant": 8, "pos": [11, 8], "tileable": true}, "12;8": {"type": "grass", "variant": 8, "pos": [12, 8], "tileable": true}, "12;9": {"type": "grass", "variant": 8, "pos": [12, 9], "tileable": true}, "12;10": {"type": "grass", "variant": 8, "pos": [12, 10], "tileable": true}, "12;11": {"type": "grass", "variant": 8, "pos": [12, 11], "tileable": true}, "12;12": {"type": "grass", "variant": 8, "pos": [12, 12], "tileable": true}, "12;13": {"type": "grass", "variant": 8, "pos": [12, 13], "tileable": true}, "12;14": {"type": "grass", "variant": 8, "pos": [12, 14], "tileable": true}, "11;14": {"type": "grass", "variant": 8, "pos": [11, 14], "tileable": true}, "11;15": {"type": "grass", "variant": 8, "pos": [11, 15], "tileable": true}, "10;15": {"type": "grass", "variant": 8, "pos": [10, 15], "tileable": true}, "10;14": {"type": "grass", "variant": 8, "pos": [10, 14], "tileable": true}, "10;13": {"type": "grass", "variant": 8, "pos": [10, 13], "tileable": true}, "9;14": {"type": "grass", "variant": 8, "pos": [9, 14], "tileable": true}, "9;13": {"type": "grass", "variant": 8, "pos": [9, 13], "tileable": true}, "9;12": {"type": "grass", "variant": 8, "pos": [9, 12], "tileable": true}, "9;11": {"type": "grass", "variant": 8, "pos": [9, 11], "tileable": true}, "9;10": {"type": "grass", "variant": 8, "pos": [9, 10], "tileable": true}, "9;9": {"type": "grass", "variant": 8, "pos": [9, 9], "tileable": true}, "10;9": {"type": "grass", "variant": 8, "pos": [10, 9], "tileable": true}, "10;10": {"type": "grass", "variant": 8, "pos": [10, 10], "tileable": true}, "11;10": {"type": "grass", "variant": 8, "pos": [11, 10], "tileable": true}, "11;11": {"type": "grass", "variant": 8, "pos": [11, 11], "tileable": true}, "11;12": {"type": "grass", "variant": 8, "pos": [11, 12], "tileable": true}, "10;12": {"type": "grass", "variant": 8, "pos": [10, 12], "tileable": true}, "10;11": {"type": "grass", "variant": 8, "pos": [10, 11], "tileable": true}, "11;13": {"type": "grass", "variant": 8, "pos": [11, 13], "tileable": true}, "11;9": {"type": "grass", "variant": 8, "pos": [11, 9], "tileable": true}, "16;10": {"type": "grass", "variant": 0, "pos": [16, 10], "tileable": true}, "17;10": {"type": "grass", "variant": 1, "pos": [17, 10], "tileable": true}, "18;10": {"type": "grass", "variant": 1, "pos": [18, 10], "tileable": true}, "19;10": {"type": "grass", "variant": 1, "pos": [19, 10], "tileable": true}, "20;10": {"type": "grass", "variant": 1, "pos": [20, 10], "tileable": true}, "21;10": {"type": "grass", "variant": 1, "pos": [21, 10], "tileable": true}, "22;10": {"type": "grass", "variant": 1, "pos": [22, 10], "tileable": true}, "23;10": {"type": "grass", "variant": 1, "pos": [23, 10], "tileable": true}, "24;10": {"type": "grass", "variant": 1, "pos": [24, 10], "tileable": true}, "25;10": {"type": "grass", "variant": 1, "pos": [25, 10], "tileable": true}, "26;10": {"type": "grass", "variant": 2, "pos": [26, 10], "tileable": true}, "26;11": {"type": "grass", "variant": 8, "pos": [26, 11], "tileable": true}, "27;11": {"type": "grass", "variant": 2, "pos": [27, 11], "tileable": true}, "26;12": {"type": "grass", "variant": 8, "pos": [26, 12], "tileable": true}, "26;13": {"type": "grass", "variant": 8, "pos": [26, 13], "tileable": true}, "26;14": {"type": "grass", "variant": 4, "pos": [26, 14], "tileable": true}, "25;14": {"type": "grass", "variant": 6, "pos": [25, 14], "tileable": true}, "24;13": {"type": "grass", "variant": 5, "pos": [24, 13], "tileable": true}, "23;13": {"type": "grass", "variant": 5, "pos": [23, 13], "tileable": true}, "22;13": {"type": "grass", "variant": 5, "pos": [22, 13], "tileable": true}, "21;13": {"type": "grass", "variant": 5, "pos": [21, 13], "tileable": true}, "20;13": {"type": "grass", "variant": 5, "pos": [20, 13], "tileable": true}, "19;13": {"type": "grass", "variant": 5, "pos": [19, 13], "tileable": true}, "18;13": {"type": "grass", "variant": 5, "pos": [18, 13], "tileable": true}, "17;13": {"type": "grass", "variant": 6, "pos": [17, 13], "tileable": true}, "17;12": {"type": "grass", "variant": 8, "pos": [17, 12], "tileable": true}, "16;12": {"type": "grass", "variant": 6, "pos": [16, 12], "tileable": true}, "16;11": {"type": "grass", "variant": 7, "pos": [16, 11], "tileable": true}, "27;12": {"type": "grass", "variant": 3, "pos": [27, 12], "tileable": true}, "27;13": {"type": "grass", "variant": 4, "pos": [27, 13], "tileable": true}, "17;11": {"type": "grass", "variant": 8, "pos": [17, 11], "tileable": true}, "18;11": {"type": "grass", "variant": 8, "pos": [18, 11], "tileable": true}, "19;11": {"type": "grass", "variant": 8, "pos": [19, 11], "tileable": true}, "20;11": {"type": "grass", "variant": 8, "pos": [20, 11], "tileable": true}, "21;11": {"type": "grass", "variant": 8, "pos": [21, 11], "tileable": true}, "22;11": {"type": "grass", "variant": 8, "pos": [22, 11], "tileable": true}, "23;11": {"type": "grass", "variant": 8, "pos": [23, 11], "tileable": true}, "24;11": {"type": "grass", "variant": 8, "pos": [24, 11], "tileable": true}, "25;11": {"type": "grass", "variant": 8, "pos": [25, 11], "tileable": true}, "25;12": {"type": "grass", "variant": 8, "pos": [25, 12], "tileable": true}, "25;13": {"type": "grass", "variant": 8, "pos": [25, 13], "tileable": true}, "24;12": {"type": "grass", "variant": 8, "pos": [24, 12], "tileable": true}, "23;12": {"type": "grass", "variant": 8, "pos": [23, 12], "tileable": true}, "22;12": {"type": "grass", "variant": 8, "pos": [22, 12], "tileable": true}, "21;12": {"type": "grass", "variant": 8, "pos": [21, 12], "tileable": true}, "20;12": {"type": "grass", "variant": 8, "pos": [20, 12], "tileable": true}, "19;12": {"type": "grass", "variant": 8, "pos": [19, 12], "tileable": true}, "18;12": {"type": "grass", "variant": 8, "pos": [18, 12], "tileable": true}, "32;8": {"type": "stone", "variant": 2, "pos": [32, 8], "tileable": true}, "31;8": {"type": "stone", "variant": 1, "pos": [31, 8], "tileable": true}, "30;8": {"type": "stone", "variant": 0, "pos": [30, 8], "tileable": true}, "30;9": {"type": "stone", "variant": 7, "pos": [30, 9], "tileable": true}, "30;10": {"type": "stone", "variant": 7, "pos": [30, 10], "tileable": true}, "30;11": {"type": "stone", "variant": 7, "pos": [30, 11], "tileable": true}, "31;11": {"type": "stone", "variant": 8, "pos": [31, 11], "tileable": true}, "32;11": {"type": "stone", "variant": 4, "pos": [32, 11], "tileable": true}, "32;10": {"type": "stone", "variant": 3, "pos": [32, 10], "tileable": true}, "32;9": {"type": "stone", "variant": 3, "pos": [32, 9], "tileable": true}, "31;9": {"type": "stone", "variant": 8, "pos": [31, 9], "tileable": true}, "31;10": {"type": "stone", "variant": 8, "pos": [31, 10], "tileable": true}, "31;12": {"type": "stone", "variant": 4, "pos": [31, 12], "tileable": true}, "30;12": {"type": "stone", "variant": 6, "pos": [30, 12], "tileable": true}, "34;5": {"type": "stone", "variant": 7, "pos": [34, 5], "tileable": true}, "34;6": {"type": "stone", "variant": 7, "pos": [34, 6], "tileable": true}, "35;6": {"type": "stone", "variant": 3, "pos": [35, 6], "tileable": true}, "35;5": {"type": "stone", "variant": 3, "pos": [35, 5], "tileable": true}, "35;7": {"type": "stone", "variant": 4, "pos": [35, 7], "tileable": true}, "34;7": {"type": "stone", "variant": 6, "pos": [34, 7], "tileable": true}, "31;4": {"type": "stone", "variant": 4, "pos": [31, 4], "tileable": true}, "31;3": {"type": "stone", "variant": 3, "pos": [31, 3], "tileable": true}, "31;2": {"type": "stone", "variant": 2, "pos": [31, 2], "tileable": true}, "30;2": {"type": "stone", "variant": 0, "pos": [30, 2], "tileable": true}, "30;3": {"type": "stone", "variant": 7, "pos": [30, 3], "tileable": true}, "30;4": {"type": "stone", "variant": 6, "pos": [30, 4], "tileable": true}, "34;4": {"type": "stone", "variant": 7, "pos": [34, 4], "tileable": true}, "34;3": {"type": "stone", "variant": 7, "pos": [34, 3], "tileable": true}, "34;2": {"type": "stone", "variant": 7, "pos": [34, 2], "tileable": true}, "34;1": {"type": "stone", "variant": 7, "pos": [34, 1], "tileable": true}, "34;0": {"type": "stone", "variant": 0, "pos": [34, 0], "tileable": true}, "35;0": {"type": "stone", "variant": 2, "pos": [35, 0], "tileable": true}, "35;1": {"type": "stone", "variant": 3, "pos": [35, 1], "tileable": true}, "35;2": {"type": "stone", "variant": 3, "pos": [35, 2], "tileable": true}, "35;3": {"type": "stone", "variant": 3, "pos": [35, 3], "tileable": true}, "35;4": {"type": "stone", "variant": 3, "pos": [35, 4], "tileable": true}, "27;0": {"type": "stone", "variant": 2, "pos": [27, 0], "tileable": true}, "26;0": {"type": "stone", "variant": 1, "pos": [26, 0], "tileable": true}, "25;0": {"type": "stone", "variant": 1, "pos": [25, 0], "tileable": true}, "24;0": {"type": "stone", "variant": 1, "pos": [24, 0], "tileable": true}, "23;0": {"type": "stone", "variant": 1, "pos": [23, 0], "tileable": true}, "22;0": {"type": "stone", "variant": 1, "pos": [22, 0], "tileable": true}, "21;0": {"type": "stone", "variant": 1, "pos": [21, 0], "tileable": true}, "20;0": {"type": "stone", "variant": 8, "pos": [20, 0], "tileable": true}, "20;1": {"type": "stone", "variant": 8, "pos": [20, 1], "tileable": true}, "20;2": {"type": "stone", "variant": 6, "pos": [20, 2], "tileable": true}, "21;2": {"type": "stone", "variant": 5, "pos": [21, 2], "tileable": true}, "21;1": {"type": "stone", "variant": 8, "pos": [21, 1], "tileable": true}, "22;1": {"type": "stone", "variant": 8, "pos": [22, 1], "tileable": true}, "23;1": {"type": "stone", "variant": 8, "pos": [23, 1], "tileable": true}, "24;1": {"type": "stone", "variant": 8, "pos": [24, 1], "tileable": true}, "25;1": {"type": "stone", "variant": 8, "pos": [25, 1], "tileable": true}, "26;1": {"type": "stone", "variant": 8, "pos": [26, 1], "tileable": true}, "26;2": {"type": "stone", "variant": 4, "pos": [26, 2], "tileable": true}, "25;2": {"type": "stone", "variant": 5, "pos": [25, 2], "tileable": true}, "24;2": {"type": "stone", "variant": 5, "pos": [24, 2], "tileable": true}, "23;2": {"type": "stone", "variant": 5, "pos": [23, 2], "tileable": true}, "22;2": {"type": "stone", "variant": 5, "pos": [22, 2], "tileable": true}, "27;1": {"type": "stone", "variant": 4, "pos": [27, 1], "tileable": true}, "19;0": {"type": "stone", "variant": 7, "pos": [19, 0], "tileable": true}, "19;-1": {"type": "stone", "variant": 0, "pos": [19, -1], "tileable": true}, "19;1": {"type": "stone", "variant": 6, "pos": [19, 1], "tileable": true}, "20;-1": {"type": "stone", "variant": 2, "pos": [20, -1], "tileable": true}, "15;-3": {"type": "grass", "variant": 2, "pos": [15, -3], "tileable": true}, "14;-3": {"type": "grass", "variant": 1, "pos": [14, -3], "tileable": true}, "13;-3": {"type": "grass", "variant": 1, "pos": [13, -3], "tileable": true}, "12;-3": {"type": "grass", "variant": 1, "pos": [12, -3], "tileable": true}, "11;-3": {"type": "grass", "variant": 1, "pos": [11, -3], "tileable": true}, "10;-3": {"type": "grass", "variant": 1, "pos": [10, -3], "tileable": true}, "10;-2": {"type": "grass", "variant": 8, "pos": [10, -2], "tileable": true}, "10;-1": {"type": "grass", "variant": 6, "pos": [10, -1], "tileable": true}, "11;-1": {"type": "grass", "variant": 8, "pos": [11, -1], "tileable": true}, "12;-1": {"type": "grass", "variant": 8, "pos": [12, -1], "tileable": true}, "13;-1": {"type": "grass", "variant": 8, "pos": [13, -1], "tileable": true}, "14;-1": {"type": "grass", "variant": 8, "pos": [14, -1], "tileable": true}, "15;-1": {"type": "grass", "variant": 4, "pos": [15, -1], "tileable": true}, "15;-2": {"type": "grass", "variant": 3, "pos": [15, -2], "tileable": true}, "14;-2": {"type": "grass", "variant": 8, "pos": [14, -2], "tileable": true}, "13;-2": {"type": "grass", "variant": 8, "pos": [13, -2], "tileable": true}, "12;-2": {"type": "grass", "variant": 8, "pos": [12, -2], "tileable": true}, "11;-2": {"type": "grass", "variant": 8, "pos": [11, -2], "tileable": true}, "11;0": {"type": "grass", "variant": 6, "pos": [11, 0], "tileable": true}, "12;0": {"type": "grass", "variant": 5, "pos": [12, 0], "tileable": true}, "13;0": {"type": "grass", "variant": 5, "pos": [13, 0], "tileable": true}, "14;0": {"type": "grass", "variant": 4, "pos": [14, 0], "tileable": true}, "9;-2": {"type": "grass", "variant": 6, "pos": [9, -2], "tileable": true}, "9;-3": {"type": "grass", "variant": 0, "pos": [9, -3], "tileable": true}, "4;0": {"type": "grass", "variant": 1, "pos": [4, 0], "tileable": true}, "3;0": {"type": "grass", "variant": 0, "pos": [3, 0], "tileable": true}, "3;1": {"type": "grass", "variant": 6, "pos": [3, 1], "tileable": true}, "4;1": {"type": "grass", "variant": 8, "pos": [4, 1], "tileable": true}, "5;1": {"type": "grass", "variant": 8, "pos": [5, 1], "tileable": true}, "5;0": {"type": "grass", "variant": 1, "pos": [5, 0], "tileable": true}, "6;0": {"type": "grass", "variant": 2, "pos": [6, 0], "tileable": true}, "6;1": {"type": "grass", "variant": 4, "pos": [6, 1], "tileable": true}, "5;2": {"type": "grass", "variant": 4, "pos": [5, 2], "tileable": true}, "-2;4": {"type": "grass", "variant": 1, "pos": [-2, 4], "tileable": true}, "-3;4": {"type": "grass", "variant": 1, "pos": [-3, 4], "tileable": true}, "-4;4": {"type": "grass", "variant": 1, "pos": [-4, 4], "tileable": true}, "-5;4": {"type": "grass", "variant": 1, "pos": [-5, 4], "tileable": true}, "-6;4": {"type": "grass", "variant": 1, "pos": [-6, 4], "tileable": true}, "-7;4": {"type": "grass", "variant": 1, "pos": [-7, 4], "tileable": true}, "-8;4": {"type": "grass", "variant": 0, "pos": [-8, 4], "tileable": true}, "-8;5": {"type": "grass", "variant": 7, "pos": [-8, 5], "tileable": true}, "-8;6": {"type": "grass", "variant": 6, "pos": [-8, 6], "tileable": true}, "-7;6": {"type": "grass", "variant": 8, "pos": [-7, 6], "tileable": true}, "-6;6": {"type": "grass", "variant": 8, "pos": [-6, 6], "tileable": true}, "-5;6": {"type": "grass", "variant": 8, "pos": [-5, 6], "tileable": true}, "-4;6": {"type": "grass", "variant": 8, "pos": [-4, 6], "tileable": true}, "-3;6": {"type": "grass", "variant": 8, "pos": [-3, 6], "tileable": true}, "-2;6": {"type": "grass", "variant": 8, "pos": [-2, 6], "tileable": true}, "-1;6": {"type": "grass", "variant": 5, "pos": [-1, 6], "tileable": true}, "0;6": {"type": "grass", "variant": 4, "pos": [0, 6], "tileable": true}, "0;5": {"type": "grass", "variant": 3, "pos": [0, 5], "tileable": true}, "-1;4": {"type": "grass", "variant": 8, "pos": [-1, 4], "tileable": true}, "-2;5": {"type": "grass", "variant": 8, "pos": [-2, 5], "tileable": true}, "-3;5": {"type": "grass", "variant": 8, "pos": [-3, 5], "tileable": true}, "-4;5": {"type": "grass", "variant": 8, "pos": [-4, 5], "tileable": true}, "-5;5": {"type": "grass", "variant": 8, "pos": [-5, 5], "tileable": true}, "-7;5": {"type": "grass", "variant": 8, "pos": [-7, 5], "tileable": true}, "-6;5": {"type": "grass", "variant": 8, "pos": [-6, 5], "tileable": true}, "-1;5": {"type": "grass", "variant": 8, "pos": [-1, 5], "tileable": true}, "-2;7": {"type": "grass", "variant": 4, "pos": [-2, 7], "tileable": true}, "-3;7": {"type": "grass", "variant": 5, "pos": [-3, 7], "tileable": true}, "-4;7": {"type": "grass", "variant": 5, "pos": [-4, 7], "tileable": true}, "-5;7": {"type": "grass", "variant": 5, "pos": [-5, 7], "tileable": true}, "-6;7": {"type": "grass", "variant": 5, "pos": [-6, 7], "tileable": true}, "-7;7": {"type": "grass", "variant": 6, "pos": [-7, 7], "tileable": true}, "0;4": {"type": "grass", "variant": 8, "pos": [0, 4], "tileable": true}, "0;3": {"type": "grass", "variant": 1, "pos": [0, 3], "tileable": true}, "-1;3": {"type": "grass", "variant": 0, "pos": [-1, 3], "tileable": true}, "1;3": {"type": "grass", "variant": 2, "pos": [1, 3], "tileable": true}, "1;4": {"type": "grass", "variant": 4, "pos": [1, 4], "tileable": true}, "10;6": {"type": "decor", "variant": 0, "pos": [10, 6], "tileable": true}, "17;9": {"type": "decor", "variant": 0, "pos": [17, 9], "tileable": true}, "21;9": {"type": "decor", "variant": 0, "pos": [21, 9], "tileable": true}, "24;9": {"type": "decor", "variant": 0, "pos": [24, 9], "tileable": true}, "14;-4": {"type": "decor", "variant": 0, "pos": [14, -4], "tileable": true}, "5;-1": {"type": "decor", "variant": 0, "pos": [5, -1], "tileable": true}, "4;-1": {"type": "decor", "variant": 0, "pos": [4, -1], "tileable": true}, "0;2": {"type": "decor", "variant": 0, "pos": [0, 2], "tileable": true}, "-6;3": {"type": "decor", "variant": 0, "pos": [-6, 3], "tileable": true}, "-5;3": {"type": "decor", "variant": 1, "pos": [-5, 3], "tileable": true}, "-3;3": {"type": "decor", "variant": 1, "pos": [-3, 3], "tileable": true}, "6;-1": {"type": "decor", "variant": 1, "pos": [6, -1], "tileable": true}, "11;6": {"type": "decor", "variant": 1, "pos": [11, 6], "tileable": true}, "15;-4": {"type": "decor", "variant": 1, "pos": [15, -4], "tileable": true}, "13;6": {"type": "decor", "variant": 1, "pos": [13, 6], "tileable": true}, "18;9": {"type": "decor", "variant": 1, "pos": [18, 9], "tileable": true}, "25;9": {"type": "decor", "variant": 1, "pos": [25, 9], "tileable": true}, "23;9": {"type": "decor", "variant": 2, "pos": [23, 9], "tileable": true}, "20;9": {"type": "decor", "variant": 2, "pos": [20, 9], "tileable": true}, "9;6": {"type": "decor", "variant": 2, "pos": [9, 6], "tileable": true}, "13;-4": {"type": "decor", "variant": 2, "pos": [13, -4], "tileable": true}, "1;2": {"type": "decor", "variant": 2, "pos": [1, 2], "tileable": true}, "-4;3": {"type": "decor", "variant": 2, "pos": [-4, 3], "tileable": true}, "-8;3": {"type": "decor", "variant": 2, "pos": [-8, 3], "tileable": true}, "12;6": {"type": "decor", "variant": 3, "pos": [12, 6], "tileable": true}, "9;-4": {"type": "decor", "variant": 3, "pos": [9, -4], "tileable": true}, "22;-1": {"type": "decor", "variant": 3, "pos": [22, -1], "tileable": true}, "26;-1": {"type": "decor", "variant": 3, "pos": [26, -1], "tileable": true}, "32;7": {"type": "decor", "variant": 3, "pos": [32, 7], "tileable": true}, "4;2": {"type": "grass", "variant": 6, "pos": [4, 2], "tileable": true}}, "tile_size": 16, "offgrid": [{"type": "large_decor", "variant": 0, "pos": [488.0, 119.0]}, {"type": "large_decor", "variant": 0, "pos": [381.0, -9.0]}, {"type": "large_decor", "variant": 0, "pos": [261.5, 151.5]}, {"type": "large_decor", "variant": 0, "pos": [51.5, -9.0]}, {"type": "large_decor", "variant": 0, "pos": [-111.5, 55.5]}, {"type": "large_decor", "variant": 1, "pos": [406.5, 150.0]}, {"type": "large_decor", "variant": 1, "pos": [424.5, 165.0]}, {"type": "large_decor", "variant": 1, "pos": [131.0, 117.0]}, {"type": "large_decor", "variant": 1, "pos": [-10.5, 36.5]}, {"type": "large_decor", "variant": 2, "pos": [-45.5, 20.5]}, {"type": "large_decor", "variant": 2, "pos": [10.5, 29.5]}, {"type": "large_decor", "variant": 2, "pos": [88.0, -42.5]}, {"type": "large_decor", "variant": 2, "pos": [224.5, -89.5]}, {"type": "large_decor", "variant": 2, "pos": [179.5, -60.5]}, {"type": "large_decor", "variant": 2, "pos": [200.0, 68.5]}, {"type": "large_decor", "variant": 2, "pos": [291.0, 117.0]}, {"type": "large_decor", "variant": 2, "pos": [348.0, 136.5]}, {"type": "spawners", "variant": 0, "pos": [332.5, 142.5]}, {"type": "spawners", "variant": 1, "pos": [490.0, 111.5]}, {"type": "spawners", "variant": 1, "pos": [379.5, -17.0]}, {"type": "spawners", "variant": 1, "pos": [409.5, -15.5]}, {"type": "spawners", "variant": 1, "pos": [218.5, -64.0]}, {"type": "spawners", "variant": 1, "pos": [85.0, -16.5]}, {"type": "spawners", "variant": 1, "pos": [4.0, 31.0]}, {"type": "spawners", "variant": 1, "pos": [-114.0, 48.0]}, {"type": "spawners", "variant": 1, "pos": [-44.0, 47.0]}, {"type": "spawners", "variant": 1, "pos": [156.5, 93.5]}]}