{"tilemap": {"9;9": {"type": "grass", "variant": 0, "pos": [9, 9], "tileable": true}, "9;10": {"type": "grass", "variant": 8, "pos": [9, 10], "tileable": true}, "9;11": {"type": "grass", "variant": 8, "pos": [9, 11], "tileable": true}, "9;12": {"type": "grass", "variant": 8, "pos": [9, 12], "tileable": true}, "10;12": {"type": "grass", "variant": 8, "pos": [10, 12], "tileable": true}, "11;12": {"type": "grass", "variant": 3, "pos": [11, 12], "tileable": true}, "11;11": {"type": "grass", "variant": 8, "pos": [11, 11], "tileable": true}, "12;11": {"type": "grass", "variant": 4, "pos": [12, 11], "tileable": true}, "12;10": {"type": "grass", "variant": 2, "pos": [12, 10], "tileable": true}, "11;10": {"type": "grass", "variant": 8, "pos": [11, 10], "tileable": true}, "11;9": {"type": "grass", "variant": 2, "pos": [11, 9], "tileable": true}, "10;9": {"type": "grass", "variant": 1, "pos": [10, 9], "tileable": true}, "10;10": {"type": "grass", "variant": 8, "pos": [10, 10], "tileable": true}, "10;11": {"type": "grass", "variant": 8, "pos": [10, 11], "tileable": true}, "8;10": {"type": "grass", "variant": 0, "pos": [8, 10], "tileable": true}, "8;11": {"type": "grass", "variant": 7, "pos": [8, 11], "tileable": true}, "8;12": {"type": "grass", "variant": 7, "pos": [8, 12], "tileable": true}, "8;13": {"type": "grass", "variant": 7, "pos": [8, 13], "tileable": true}, "8;14": {"type": "grass", "variant": 7, "pos": [8, 14], "tileable": true}, "8;15": {"type": "grass", "variant": 6, "pos": [8, 15], "tileable": true}, "9;15": {"type": "grass", "variant": 5, "pos": [9, 15], "tileable": true}, "10;15": {"type": "grass", "variant": 4, "pos": [10, 15], "tileable": true}, "10;14": {"type": "grass", "variant": 3, "pos": [10, 14], "tileable": true}, "10;13": {"type": "grass", "variant": 8, "pos": [10, 13], "tileable": true}, "11;13": {"type": "grass", "variant": 4, "pos": [11, 13], "tileable": true}, "9;13": {"type": "grass", "variant": 8, "pos": [9, 13], "tileable": true}, "9;14": {"type": "grass", "variant": 8, "pos": [9, 14], "tileable": true}, "12;5": {"type": "grass", "variant": 6, "pos": [12, 5], "tileable": true}, "12;4": {"type": "grass", "variant": 7, "pos": [12, 4], "tileable": true}, "12;3": {"type": "grass", "variant": 7, "pos": [12, 3], "tileable": true}, "12;2": {"type": "grass", "variant": 7, "pos": [12, 2], "tileable": true}, "12;1": {"type": "grass", "variant": 7, "pos": [12, 1], "tileable": true}, "13;1": {"type": "grass", "variant": 8, "pos": [13, 1], "tileable": true}, "13;0": {"type": "grass", "variant": 8, "pos": [13, 0], "tileable": true}, "14;0": {"type": "grass", "variant": 8, "pos": [14, 0], "tileable": true}, "14;1": {"type": "grass", "variant": 8, "pos": [14, 1], "tileable": true}, "15;1": {"type": "grass", "variant": 8, "pos": [15, 1], "tileable": true}, "16;2": {"type": "grass", "variant": 8, "pos": [16, 2], "tileable": true}, "16;3": {"type": "grass", "variant": 8, "pos": [16, 3], "tileable": true}, "15;4": {"type": "grass", "variant": 8, "pos": [15, 4], "tileable": true}, "15;5": {"type": "grass", "variant": 8, "pos": [15, 5], "tileable": true}, "14;6": {"type": "grass", "variant": 5, "pos": [14, 6], "tileable": true}, "13;6": {"type": "grass", "variant": 6, "pos": [13, 6], "tileable": true}, "13;5": {"type": "grass", "variant": 8, "pos": [13, 5], "tileable": true}, "13;4": {"type": "grass", "variant": 8, "pos": [13, 4], "tileable": true}, "13;3": {"type": "grass", "variant": 8, "pos": [13, 3], "tileable": true}, "13;2": {"type": "grass", "variant": 8, "pos": [13, 2], "tileable": true}, "14;2": {"type": "grass", "variant": 8, "pos": [14, 2], "tileable": true}, "14;3": {"type": "grass", "variant": 8, "pos": [14, 3], "tileable": true}, "14;4": {"type": "grass", "variant": 8, "pos": [14, 4], "tileable": true}, "14;5": {"type": "grass", "variant": 8, "pos": [14, 5], "tileable": true}, "15;3": {"type": "grass", "variant": 8, "pos": [15, 3], "tileable": true}, "15;2": {"type": "grass", "variant": 8, "pos": [15, 2], "tileable": true}, "9;4": {"type": "stone", "variant": 3, "pos": [9, 4], "tileable": true}, "9;3": {"type": "stone", "variant": 3, "pos": [9, 3], "tileable": true}, "9;2": {"type": "stone", "variant": 3, "pos": [9, 2], "tileable": true}, "9;1": {"type": "stone", "variant": 3, "pos": [9, 1], "tileable": true}, "8;1": {"type": "stone", "variant": 8, "pos": [8, 1], "tileable": true}, "8;0": {"type": "stone", "variant": 8, "pos": [8, 0], "tileable": true}, "7;0": {"type": "stone", "variant": 8, "pos": [7, 0], "tileable": true}, "7;-1": {"type": "stone", "variant": 1, "pos": [7, -1], "tileable": true}, "6;-1": {"type": "stone", "variant": 1, "pos": [6, -1], "tileable": true}, "5;-1": {"type": "stone", "variant": 1, "pos": [5, -1], "tileable": true}, "4;-1": {"type": "stone", "variant": 1, "pos": [4, -1], "tileable": true}, "3;-1": {"type": "stone", "variant": 0, "pos": [3, -1], "tileable": true}, "3;0": {"type": "stone", "variant": 7, "pos": [3, 0], "tileable": true}, "3;1": {"type": "stone", "variant": 6, "pos": [3, 1], "tileable": true}, "4;2": {"type": "stone", "variant": 7, "pos": [4, 2], "tileable": true}, "4;3": {"type": "stone", "variant": 7, "pos": [4, 3], "tileable": true}, "4;4": {"type": "stone", "variant": 6, "pos": [4, 4], "tileable": true}, "5;4": {"type": "stone", "variant": 8, "pos": [5, 4], "tileable": true}, "5;5": {"type": "stone", "variant": 6, "pos": [5, 5], "tileable": true}, "8;5": {"type": "stone", "variant": 5, "pos": [8, 5], "tileable": true}, "9;5": {"type": "stone", "variant": 4, "pos": [9, 5], "tileable": true}, "7;5": {"type": "stone", "variant": 5, "pos": [7, 5], "tileable": true}, "6;5": {"type": "stone", "variant": 5, "pos": [6, 5], "tileable": true}, "9;0": {"type": "stone", "variant": 3, "pos": [9, 0], "tileable": true}, "8;-1": {"type": "stone", "variant": 1, "pos": [8, -1], "tileable": true}, "4;0": {"type": "stone", "variant": 8, "pos": [4, 0], "tileable": true}, "4;1": {"type": "stone", "variant": 8, "pos": [4, 1], "tileable": true}, "5;1": {"type": "stone", "variant": 8, "pos": [5, 1], "tileable": true}, "6;2": {"type": "stone", "variant": 8, "pos": [6, 2], "tileable": true}, "7;2": {"type": "stone", "variant": 8, "pos": [7, 2], "tileable": true}, "8;2": {"type": "stone", "variant": 8, "pos": [8, 2], "tileable": true}, "8;3": {"type": "stone", "variant": 8, "pos": [8, 3], "tileable": true}, "8;4": {"type": "stone", "variant": 8, "pos": [8, 4], "tileable": true}, "7;4": {"type": "stone", "variant": 8, "pos": [7, 4], "tileable": true}, "6;4": {"type": "stone", "variant": 8, "pos": [6, 4], "tileable": true}, "6;3": {"type": "stone", "variant": 8, "pos": [6, 3], "tileable": true}, "5;3": {"type": "stone", "variant": 8, "pos": [5, 3], "tileable": true}, "5;2": {"type": "stone", "variant": 8, "pos": [5, 2], "tileable": true}, "7;3": {"type": "stone", "variant": 8, "pos": [7, 3], "tileable": true}, "7;1": {"type": "stone", "variant": 8, "pos": [7, 1], "tileable": true}, "6;1": {"type": "stone", "variant": 8, "pos": [6, 1], "tileable": true}, "6;0": {"type": "stone", "variant": 8, "pos": [6, 0], "tileable": true}, "5;0": {"type": "stone", "variant": 8, "pos": [5, 0], "tileable": true}, "12;0": {"type": "grass", "variant": 7, "pos": [12, 0], "tileable": true}, "13;-1": {"type": "grass", "variant": 1, "pos": [13, -1], "tileable": true}, "14;-1": {"type": "grass", "variant": 1, "pos": [14, -1], "tileable": true}, "15;0": {"type": "grass", "variant": 8, "pos": [15, 0], "tileable": true}, "15;-1": {"type": "grass", "variant": 1, "pos": [15, -1], "tileable": true}, "12;-1": {"type": "grass", "variant": 0, "pos": [12, -1], "tileable": true}, "9;-1": {"type": "stone", "variant": 2, "pos": [9, -1], "tileable": true}, "16;1": {"type": "grass", "variant": 8, "pos": [16, 1], "tileable": true}, "16;0": {"type": "grass", "variant": 8, "pos": [16, 0], "tileable": true}, "16;-1": {"type": "grass", "variant": 8, "pos": [16, -1], "tileable": true}, "17;-1": {"type": "grass", "variant": 3, "pos": [17, -1], "tileable": true}, "17;-2": {"type": "grass", "variant": 3, "pos": [17, -2], "tileable": true}, "17;-3": {"type": "grass", "variant": 2, "pos": [17, -3], "tileable": true}, "16;-3": {"type": "grass", "variant": 0, "pos": [16, -3], "tileable": true}, "16;-2": {"type": "grass", "variant": 7, "pos": [16, -2], "tileable": true}, "17;0": {"type": "grass", "variant": 8, "pos": [17, 0], "tileable": true}, "17;1": {"type": "grass", "variant": 8, "pos": [17, 1], "tileable": true}, "17;2": {"type": "grass", "variant": 8, "pos": [17, 2], "tileable": true}, "17;3": {"type": "grass", "variant": 8, "pos": [17, 3], "tileable": true}, "17;4": {"type": "grass", "variant": 3, "pos": [17, 4], "tileable": true}, "17;5": {"type": "grass", "variant": 4, "pos": [17, 5], "tileable": true}, "16;5": {"type": "grass", "variant": 5, "pos": [16, 5], "tileable": true}, "15;6": {"type": "grass", "variant": 4, "pos": [15, 6], "tileable": true}, "16;4": {"type": "grass", "variant": 8, "pos": [16, 4], "tileable": true}, "18;0": {"type": "grass", "variant": 1, "pos": [18, 0], "tileable": true}, "19;0": {"type": "grass", "variant": 1, "pos": [19, 0], "tileable": true}, "20;0": {"type": "grass", "variant": 1, "pos": [20, 0], "tileable": true}, "21;0": {"type": "grass", "variant": 1, "pos": [21, 0], "tileable": true}, "22;0": {"type": "grass", "variant": 1, "pos": [22, 0], "tileable": true}, "23;0": {"type": "grass", "variant": 1, "pos": [23, 0], "tileable": true}, "24;0": {"type": "grass", "variant": 1, "pos": [24, 0], "tileable": true}, "25;0": {"type": "grass", "variant": 1, "pos": [25, 0], "tileable": true}, "26;0": {"type": "grass", "variant": 2, "pos": [26, 0], "tileable": true}, "26;1": {"type": "grass", "variant": 4, "pos": [26, 1], "tileable": true}, "25;2": {"type": "grass", "variant": 3, "pos": [25, 2], "tileable": true}, "25;3": {"type": "grass", "variant": 4, "pos": [25, 3], "tileable": true}, "24;3": {"type": "grass", "variant": 5, "pos": [24, 3], "tileable": true}, "23;3": {"type": "grass", "variant": 8, "pos": [23, 3], "tileable": true}, "23;4": {"type": "grass", "variant": 4, "pos": [23, 4], "tileable": true}, "22;4": {"type": "grass", "variant": 5, "pos": [22, 4], "tileable": true}, "21;4": {"type": "grass", "variant": 6, "pos": [21, 4], "tileable": true}, "20;3": {"type": "grass", "variant": 5, "pos": [20, 3], "tileable": true}, "19;3": {"type": "grass", "variant": 5, "pos": [19, 3], "tileable": true}, "18;3": {"type": "grass", "variant": 5, "pos": [18, 3], "tileable": true}, "18;2": {"type": "grass", "variant": 8, "pos": [18, 2], "tileable": true}, "18;1": {"type": "grass", "variant": 8, "pos": [18, 1], "tileable": true}, "19;1": {"type": "grass", "variant": 8, "pos": [19, 1], "tileable": true}, "20;1": {"type": "grass", "variant": 8, "pos": [20, 1], "tileable": true}, "21;1": {"type": "grass", "variant": 8, "pos": [21, 1], "tileable": true}, "22;1": {"type": "grass", "variant": 8, "pos": [22, 1], "tileable": true}, "23;1": {"type": "grass", "variant": 8, "pos": [23, 1], "tileable": true}, "24;1": {"type": "grass", "variant": 8, "pos": [24, 1], "tileable": true}, "25;1": {"type": "grass", "variant": 8, "pos": [25, 1], "tileable": true}, "23;2": {"type": "grass", "variant": 8, "pos": [23, 2], "tileable": true}, "22;2": {"type": "grass", "variant": 8, "pos": [22, 2], "tileable": true}, "24;2": {"type": "grass", "variant": 8, "pos": [24, 2], "tileable": true}, "22;3": {"type": "grass", "variant": 8, "pos": [22, 3], "tileable": true}, "21;3": {"type": "grass", "variant": 8, "pos": [21, 3], "tileable": true}, "20;2": {"type": "grass", "variant": 8, "pos": [20, 2], "tileable": true}, "21;2": {"type": "grass", "variant": 8, "pos": [21, 2], "tileable": true}, "19;2": {"type": "grass", "variant": 8, "pos": [19, 2], "tileable": true}, "33;0": {"type": "grass", "variant": 0, "pos": [33, 0], "tileable": true}, "34;0": {"type": "grass", "variant": 1, "pos": [34, 0], "tileable": true}, "35;0": {"type": "grass", "variant": 1, "pos": [35, 0], "tileable": true}, "36;0": {"type": "grass", "variant": 1, "pos": [36, 0], "tileable": true}, "36;1": {"type": "grass", "variant": 8, "pos": [36, 1], "tileable": true}, "37;1": {"type": "grass", "variant": 8, "pos": [37, 1], "tileable": true}, "37;2": {"type": "grass", "variant": 8, "pos": [37, 2], "tileable": true}, "38;2": {"type": "grass", "variant": 4, "pos": [38, 2], "tileable": true}, "36;2": {"type": "grass", "variant": 8, "pos": [36, 2], "tileable": true}, "35;2": {"type": "grass", "variant": 8, "pos": [35, 2], "tileable": true}, "34;2": {"type": "grass", "variant": 8, "pos": [34, 2], "tileable": true}, "33;2": {"type": "grass", "variant": 8, "pos": [33, 2], "tileable": true}, "33;1": {"type": "grass", "variant": 8, "pos": [33, 1], "tileable": true}, "34;1": {"type": "grass", "variant": 8, "pos": [34, 1], "tileable": true}, "32;1": {"type": "grass", "variant": 0, "pos": [32, 1], "tileable": true}, "35;1": {"type": "grass", "variant": 8, "pos": [35, 1], "tileable": true}, "32;2": {"type": "grass", "variant": 6, "pos": [32, 2], "tileable": true}, "33;3": {"type": "grass", "variant": 6, "pos": [33, 3], "tileable": true}, "34;3": {"type": "grass", "variant": 5, "pos": [34, 3], "tileable": true}, "35;3": {"type": "grass", "variant": 5, "pos": [35, 3], "tileable": true}, "36;3": {"type": "grass", "variant": 5, "pos": [36, 3], "tileable": true}, "37;3": {"type": "grass", "variant": 4, "pos": [37, 3], "tileable": true}, "38;1": {"type": "grass", "variant": 3, "pos": [38, 1], "tileable": true}, "37;0": {"type": "grass", "variant": 1, "pos": [37, 0], "tileable": true}, "38;0": {"type": "grass", "variant": 2, "pos": [38, 0], "tileable": true}, "-1;-1": {"type": "stone", "variant": 2, "pos": [-1, -1], "tileable": true}, "-2;-1": {"type": "stone", "variant": 1, "pos": [-2, -1], "tileable": true}, "-3;-1": {"type": "stone", "variant": 1, "pos": [-3, -1], "tileable": true}, "-4;-1": {"type": "stone", "variant": 1, "pos": [-4, -1], "tileable": true}, "-5;-1": {"type": "stone", "variant": 1, "pos": [-5, -1], "tileable": true}, "-6;-1": {"type": "stone", "variant": 1, "pos": [-6, -1], "tileable": true}, "-7;-1": {"type": "stone", "variant": 1, "pos": [-7, -1], "tileable": true}, "-1;0": {"type": "stone", "variant": 4, "pos": [-1, 0], "tileable": true}, "-2;0": {"type": "stone", "variant": 8, "pos": [-2, 0], "tileable": true}, "-2;1": {"type": "stone", "variant": 4, "pos": [-2, 1], "tileable": true}, "-3;1": {"type": "stone", "variant": 8, "pos": [-3, 1], "tileable": true}, "-3;2": {"type": "stone", "variant": 4, "pos": [-3, 2], "tileable": true}, "-4;2": {"type": "stone", "variant": 5, "pos": [-4, 2], "tileable": true}, "-5;2": {"type": "stone", "variant": 5, "pos": [-5, 2], "tileable": true}, "-6;2": {"type": "stone", "variant": 5, "pos": [-6, 2], "tileable": true}, "-7;2": {"type": "stone", "variant": 6, "pos": [-7, 2], "tileable": true}, "-7;1": {"type": "stone", "variant": 8, "pos": [-7, 1], "tileable": true}, "-8;1": {"type": "stone", "variant": 6, "pos": [-8, 1], "tileable": true}, "-8;0": {"type": "stone", "variant": 7, "pos": [-8, 0], "tileable": true}, "-8;-1": {"type": "stone", "variant": 0, "pos": [-8, -1], "tileable": true}, "-6;0": {"type": "stone", "variant": 8, "pos": [-6, 0], "tileable": true}, "-7;0": {"type": "stone", "variant": 8, "pos": [-7, 0], "tileable": true}, "-5;0": {"type": "stone", "variant": 8, "pos": [-5, 0], "tileable": true}, "-4;0": {"type": "stone", "variant": 8, "pos": [-4, 0], "tileable": true}, "-3;0": {"type": "stone", "variant": 8, "pos": [-3, 0], "tileable": true}, "-6;1": {"type": "stone", "variant": 8, "pos": [-6, 1], "tileable": true}, "-5;1": {"type": "stone", "variant": 8, "pos": [-5, 1], "tileable": true}, "-4;1": {"type": "stone", "variant": 8, "pos": [-4, 1], "tileable": true}, "14;-8": {"type": "stone", "variant": 1, "pos": [14, -8], "tileable": true}, "13;-8": {"type": "stone", "variant": 0, "pos": [13, -8], "tileable": true}, "13;-7": {"type": "stone", "variant": 7, "pos": [13, -7], "tileable": true}, "13;-6": {"type": "stone", "variant": 6, "pos": [13, -6], "tileable": true}, "14;-6": {"type": "stone", "variant": 5, "pos": [14, -6], "tileable": true}, "15;-6": {"type": "stone", "variant": 4, "pos": [15, -6], "tileable": true}, "15;-7": {"type": "stone", "variant": 3, "pos": [15, -7], "tileable": true}, "15;-8": {"type": "stone", "variant": 2, "pos": [15, -8], "tileable": true}, "14;-7": {"type": "stone", "variant": 8, "pos": [14, -7], "tileable": true}, "27;-5": {"type": "stone", "variant": 2, "pos": [27, -5], "tileable": true}, "26;-5": {"type": "stone", "variant": 1, "pos": [26, -5], "tileable": true}, "25;-5": {"type": "stone", "variant": 1, "pos": [25, -5], "tileable": true}, "24;-5": {"type": "stone", "variant": 0, "pos": [24, -5], "tileable": true}, "25;-4": {"type": "stone", "variant": 5, "pos": [25, -4], "tileable": true}, "26;-4": {"type": "stone", "variant": 5, "pos": [26, -4], "tileable": true}, "27;-4": {"type": "stone", "variant": 4, "pos": [27, -4], "tileable": true}, "24;-4": {"type": "stone", "variant": 6, "pos": [24, -4], "tileable": true}, "18;-7": {"type": "stone", "variant": 6, "pos": [18, -7], "tileable": true}, "18;-8": {"type": "stone", "variant": 7, "pos": [18, -8], "tileable": true}, "19;-8": {"type": "stone", "variant": 8, "pos": [19, -8], "tileable": true}, "19;-9": {"type": "stone", "variant": 8, "pos": [19, -9], "tileable": true}, "20;-9": {"type": "stone", "variant": 8, "pos": [20, -9], "tileable": true}, "21;-8": {"type": "stone", "variant": 8, "pos": [21, -8], "tileable": true}, "20;-8": {"type": "stone", "variant": 8, "pos": [20, -8], "tileable": true}, "20;-7": {"type": "stone", "variant": 5, "pos": [20, -7], "tileable": true}, "19;-7": {"type": "stone", "variant": 5, "pos": [19, -7], "tileable": true}, "21;-7": {"type": "stone", "variant": 4, "pos": [21, -7], "tileable": true}, "18;-9": {"type": "stone", "variant": 0, "pos": [18, -9], "tileable": true}, "19;-10": {"type": "stone", "variant": 0, "pos": [19, -10], "tileable": true}, "20;-10": {"type": "stone", "variant": 1, "pos": [20, -10], "tileable": true}, "21;-9": {"type": "stone", "variant": 8, "pos": [21, -9], "tileable": true}, "21;-10": {"type": "stone", "variant": 1, "pos": [21, -10], "tileable": true}, "22;-8": {"type": "stone", "variant": 4, "pos": [22, -8], "tileable": true}, "22;-9": {"type": "stone", "variant": 3, "pos": [22, -9], "tileable": true}, "22;-10": {"type": "stone", "variant": 2, "pos": [22, -10], "tileable": true}, "29;-12": {"type": "grass", "variant": 1, "pos": [29, -12], "tileable": true}, "28;-12": {"type": "grass", "variant": 1, "pos": [28, -12], "tileable": true}, "27;-12": {"type": "grass", "variant": 1, "pos": [27, -12], "tileable": true}, "26;-12": {"type": "grass", "variant": 0, "pos": [26, -12], "tileable": true}, "26;-11": {"type": "grass", "variant": 7, "pos": [26, -11], "tileable": true}, "26;-10": {"type": "grass", "variant": 6, "pos": [26, -10], "tileable": true}, "27;-10": {"type": "grass", "variant": 8, "pos": [27, -10], "tileable": true}, "28;-10": {"type": "grass", "variant": 8, "pos": [28, -10], "tileable": true}, "29;-10": {"type": "grass", "variant": 8, "pos": [29, -10], "tileable": true}, "30;-10": {"type": "grass", "variant": 8, "pos": [30, -10], "tileable": true}, "31;-10": {"type": "grass", "variant": 8, "pos": [31, -10], "tileable": true}, "32;-10": {"type": "grass", "variant": 4, "pos": [32, -10], "tileable": true}, "32;-11": {"type": "grass", "variant": 8, "pos": [32, -11], "tileable": true}, "32;-12": {"type": "grass", "variant": 8, "pos": [32, -12], "tileable": true}, "31;-12": {"type": "grass", "variant": 8, "pos": [31, -12], "tileable": true}, "30;-12": {"type": "grass", "variant": 1, "pos": [30, -12], "tileable": true}, "29;-11": {"type": "grass", "variant": 8, "pos": [29, -11], "tileable": true}, "28;-11": {"type": "grass", "variant": 8, "pos": [28, -11], "tileable": true}, "27;-11": {"type": "grass", "variant": 8, "pos": [27, -11], "tileable": true}, "30;-11": {"type": "grass", "variant": 8, "pos": [30, -11], "tileable": true}, "31;-11": {"type": "grass", "variant": 8, "pos": [31, -11], "tileable": true}, "31;-9": {"type": "grass", "variant": 4, "pos": [31, -9], "tileable": true}, "30;-9": {"type": "grass", "variant": 5, "pos": [30, -9], "tileable": true}, "29;-9": {"type": "grass", "variant": 5, "pos": [29, -9], "tileable": true}, "28;-9": {"type": "grass", "variant": 5, "pos": [28, -9], "tileable": true}, "27;-9": {"type": "grass", "variant": 6, "pos": [27, -9], "tileable": true}, "33;-12": {"type": "grass", "variant": 3, "pos": [33, -12], "tileable": true}, "33;-13": {"type": "grass", "variant": 2, "pos": [33, -13], "tileable": true}, "32;-13": {"type": "grass", "variant": 1, "pos": [32, -13], "tileable": true}, "31;-13": {"type": "grass", "variant": 0, "pos": [31, -13], "tileable": true}, "33;-11": {"type": "grass", "variant": 4, "pos": [33, -11], "tileable": true}, "12;-2": {"type": "decor", "variant": 0, "pos": [12, -2], "tileable": true}, "19;-1": {"type": "decor", "variant": 0, "pos": [19, -1], "tileable": true}, "23;-1": {"type": "decor", "variant": 0, "pos": [23, -1], "tileable": true}, "10;8": {"type": "decor", "variant": 0, "pos": [10, 8], "tileable": true}, "34;-1": {"type": "decor", "variant": 0, "pos": [34, -1], "tileable": true}, "37;-1": {"type": "decor", "variant": 0, "pos": [37, -1], "tileable": true}, "22;-1": {"type": "decor", "variant": 1, "pos": [22, -1], "tileable": true}, "26;-1": {"type": "decor", "variant": 1, "pos": [26, -1], "tileable": true}, "33;-1": {"type": "decor", "variant": 1, "pos": [33, -1], "tileable": true}, "17;-4": {"type": "decor", "variant": 1, "pos": [17, -4], "tileable": true}, "13;-2": {"type": "decor", "variant": 1, "pos": [13, -2], "tileable": true}, "9;8": {"type": "decor", "variant": 1, "pos": [9, 8], "tileable": true}, "14;-2": {"type": "decor", "variant": 2, "pos": [14, -2], "tileable": true}, "20;-1": {"type": "decor", "variant": 2, "pos": [20, -1], "tileable": true}, "12;9": {"type": "decor", "variant": 2, "pos": [12, 9], "tileable": true}, "24;-1": {"type": "decor", "variant": 2, "pos": [24, -1], "tileable": true}, "32;0": {"type": "decor", "variant": 2, "pos": [32, 0], "tileable": true}, "36;-1": {"type": "decor", "variant": 2, "pos": [36, -1], "tileable": true}, "30;-13": {"type": "decor", "variant": 2, "pos": [30, -13], "tileable": true}, "29;-13": {"type": "decor", "variant": 1, "pos": [29, -13], "tileable": true}, "27;-13": {"type": "decor", "variant": 1, "pos": [27, -13], "tileable": true}, "32;-14": {"type": "decor", "variant": 0, "pos": [32, -14], "tileable": true}, "26;-13": {"type": "decor", "variant": 0, "pos": [26, -13], "tileable": true}, "26;-6": {"type": "decor", "variant": 3, "pos": [26, -6], "tileable": true}, "21;-11": {"type": "decor", "variant": 3, "pos": [21, -11], "tileable": true}, "8;-2": {"type": "decor", "variant": 3, "pos": [8, -2], "tileable": true}, "4;-2": {"type": "decor", "variant": 3, "pos": [4, -2], "tileable": true}, "38;-1": {"type": "decor", "variant": 3, "pos": [38, -1], "tileable": true}, "11;8": {"type": "decor", "variant": 3, "pos": [11, 8], "tileable": true}}, "tile_size": 16, "offgrid": [{"type": "large_decor", "variant": 0, "pos": [224.5, -23.0]}, {"type": "large_decor", "variant": 0, "pos": [222.5, -134.5]}, {"type": "large_decor", "variant": 0, "pos": [549.5, -8.5]}, {"type": "large_decor", "variant": 0, "pos": [497.5, -215.0]}, {"type": "large_decor", "variant": 0, "pos": [50.5, -23.5]}, {"type": "large_decor", "variant": 0, "pos": [-121.0, -23.0]}, {"type": "large_decor", "variant": 0, "pos": [-79.0, -23.0]}, {"type": "large_decor", "variant": 0, "pos": [-96.5, -21.5]}, {"type": "large_decor", "variant": 0, "pos": [-95.5, -26.5]}, {"type": "large_decor", "variant": 0, "pos": [-113.0, -28.0]}, {"type": "large_decor", "variant": 2, "pos": [338.5, -38.5]}, {"type": "large_decor", "variant": 2, "pos": [414.0, -18.5]}, {"type": "large_decor", "variant": 2, "pos": [526.5, -42.5]}, {"type": "large_decor", "variant": 2, "pos": [587.5, -35.5]}, {"type": "large_decor", "variant": 2, "pos": [466.0, -233.5]}, {"type": "large_decor", "variant": 2, "pos": [520.0, -252.0]}, {"type": "large_decor", "variant": 2, "pos": [184.0, -46.5]}, {"type": "large_decor", "variant": 1, "pos": [258.5, -58.0]}, {"type": "large_decor", "variant": 1, "pos": [327.0, -11.5]}, {"type": "large_decor", "variant": 1, "pos": [399.0, -9.5]}, {"type": "large_decor", "variant": 1, "pos": [516.5, 6.5]}, {"type": "large_decor", "variant": 1, "pos": [132.0, 149.0]}, {"type": "large_decor", "variant": 1, "pos": [486.0, -201.5]}, {"type": "large_decor", "variant": 1, "pos": [433.5, -203.0]}, {"type": "large_decor", "variant": 1, "pos": [279.5, -11.0]}, {"type": "spawners", "variant": 0, "pos": [166.5, 126.0]}, {"type": "spawners", "variant": 1, "pos": [85.5, -33.0]}, {"type": "spawners", "variant": 1, "pos": [120.0, -32.0]}, {"type": "spawners", "variant": 1, "pos": [-116.0, -31.5]}, {"type": "spawners", "variant": 1, "pos": [-93.5, -32.5]}, {"type": "spawners", "variant": 1, "pos": [-53.5, -31.5]}, {"type": "spawners", "variant": 1, "pos": [206.5, -32.5]}, {"type": "spawners", "variant": 1, "pos": [234.5, -32.5]}, {"type": "spawners", "variant": 1, "pos": [307.0, -16.5]}, {"type": "spawners", "variant": 1, "pos": [349.5, -15.0]}, {"type": "spawners", "variant": 1, "pos": [404.0, -16.0]}, {"type": "spawners", "variant": 1, "pos": [408.5, -99.0]}, {"type": "spawners", "variant": 1, "pos": [428.5, -96.0]}, {"type": "spawners", "variant": 1, "pos": [217.0, -147.0]}, {"type": "spawners", "variant": 1, "pos": [317.5, -176.0]}, {"type": "spawners", "variant": 1, "pos": [354.5, -177.0]}, {"type": "spawners", "variant": 1, "pos": [440.5, -210.5]}, {"type": "spawners", "variant": 1, "pos": [474.5, -209.5]}, {"type": "spawners", "variant": 1, "pos": [515.0, -227.0]}, {"type": "spawners", "variant": 1, "pos": [551.5, -16.5]}, {"type": "spawners", "variant": 1, "pos": [586.0, -16.0]}, {"type": "spawners", "variant": 1, "pos": [538.0, -17.0]}]}